abn,name,category,entity_type,entity_status,sources,state,postcode,registration_date,age_years,gst_registered,gst_effective_from,is_current_entity,acn,main_trading_name,phone,email,business_url,found_at_url,google_places_id,google_formatted_name,google_phone,google_website,google_formatted_addr,google_primary_type,google_types,google_rating,google_rating_count,updated_at
40009668553,Australian Institute of Management Education and Training Pty Ltd,Education/Training,Australian Private Company,Active,RTO,NSW,2000,1999-11-01 00:00:00,26,true,2000-07-01 00:00:00,true,009668553,AUSTRALIAN INSTITUTE OF MANAGEMENT EDUCATION AND TRAINING PTY LIMITED,"","","",https://training.gov.au/organisation/details/0049,places/ChIJo3qCCUKuEmsRViiaS2dnph0,Australian Institute of Management (AIM),+61 1300 658 337,https://www.aim.com.au/contact/locations/sydney/?utm_source=google&utm_medium=organic&utm_content=sydney,"Ground Floor, 7 Macquarie Pl, Sydney NSW 2000, Australia",educational_institution,"educational_institution,point_of_interest,establishment",4.1,47,2026-03-10 02:04:51.045069
99086048562,BAI Communications,Manufacturing,Australian Private Company,Active,AMTIL,NSW,2060,1999-11-01 00:00:00,26,true,2000-07-01 00:00:00,true,086048562,BAI COMMUNICATIONS PTY LTD,"","","",https://amtil.com.au/directory/,places/ChIJPWqSTyCvEmsR-6u1OCRqqQU,BAI Communications,+61 2 8113 4666,https://baicommunications.com/,"1 Denison St, North Sydney NSW 2060, Australia",telecommunications_service_provider,"telecommunications_service_provider,point_of_interest,establishment",0.0,0,2026-03-10 02:08:00.990071
14006338067,Bomac Engineering Pty Ltd,Manufacturing,Australian Private Company,Active,AMTIL,VIC,3803,1999-11-01 00:00:00,26,true,2010-10-01 00:00:00,true,006338067,BOMAC ENGINEERING PTY. LTD.,"","","",https://amtil.com.au/directory/,places/ChIJOR-Mdy8R1moRu23c1qNysNY,Bomac Engineering Pty Ltd,+61 3 9796 5300,https://www.bomac.com.au/,"Unit 1/153 Wedgewood Rd, Hallam VIC 3803, Australia",service,"service,point_of_interest,establishment",4.9,10,2026-03-10 02:08:10.661788
79088983135,Gravotech Australia,Manufacturing,Australian Private Company,Active,AMTIL,NSW,2145,1999-11-01 00:00:00,26,true,2000-07-01 00:00:00,true,088983135,GRAVOTECH AUSTRALIA PTY LTD,"","","",https://amtil.com.au/directory/,places/ChIJN3svpnqjEmsRzK14eTvaSqk,Gravotech Australia,+61 2 9684 2400,http://www.gravotech.com.au/,"1B/23-29 South St, Rydalmere NSW 2116, Australia",supplier,"supplier,manufacturer,service,point_of_interest,establishment",2.9,9,2026-03-10 02:09:43.619804
43008648771,Iscar Australia Pty Ltd,Manufacturing,Australian Private Company,Active,AMTIL,NSW,2153,1999-11-01 00:00:00,26,true,2000-07-01 00:00:00,true,008648771,ISCAR AUSTRALIA PTY. LIMITED,"","","",https://amtil.com.au/directory/,places/ChIJD03iufqhEmsRH69qCwc5kpg,Iscar Australia Pty Ltd,+61 2 8848 3500,http://www.iscar.com.au/,"30 Brookhollow Ave, Norwest NSW 2153, Australia",manufacturer,"manufacturer,point_of_interest,establishment",5.0,2,2026-03-10 02:10:17.73808
15006568501,Metal Industries Insurance Brokers,Manufacturing,Australian Private Company,Active,"AMTIL,SEMMA",VIC,3805,1999-11-01 00:00:00,26,true,2000-07-01 00:00:00,true,006568501,SEAR & ASSOCIATES INSURANCE BROKERS PTY. LTD.,"","","",https://amtil.com.au/directory/,places/ChIJ7Qm3-Q4U1moRrMXOEr8Mmc4,Sign Manufacturers Insurance Brokers,+61 3 9797 2992,http://www.smib.com.au/,"Casey Towers (West Tower, Suite 1 / Level 2/77 Victor Cres, Narre Warren VIC 3805, Australia",insurance_agency,"insurance_agency,service,point_of_interest,establishment",5.0,1,2026-03-10 02:16:16.186736
51005337057,Scan-Xpress Pty Ltd,Manufacturing,Australian Private Company,Active,AMTIL,VIC,3056,1999-11-01 00:00:00,26,true,2000-07-01 00:00:00,true,005337057,SCAN XPRESS PTY. LTD.,"","","",https://amtil.com.au/directory/,places/ChIJURRK-npD1moR71ZVfRQH-mU,Scan-Xpress,+61 1300 337 226,https://www.scan-xpress.com.au/,"9/306 Albert St, Brunswick VIC 3056, Australia",supplier,"supplier,manufacturer,point_of_interest,service,store,establishment",4.3,6,2026-03-10 02:12:09.363756
21003578434,Tesuco Pty Ltd,Manufacturing,Australian Private Company,Active,AMTIL,NSW,2128,1999-11-01 00:00:00,26,true,2000-07-01 00:00:00,true,003578434,TESUCO PTY. LIMITED,"","","",https://amtil.com.au/directory/,places/ChIJ0RQKWGilEmsRmB_SWmSMmZg,Tesuco,+61 2 9737 9937,http://www.tesuco.com.au/,"12/110-120 Silverwater Rd, Silverwater NSW 2128, Australia",wholesaler,"wholesaler,point_of_interest,establishment",4.0,4,2026-03-10 02:12:36.99547
73004216979,Wilson Transformer Company,Manufacturing,Australian Private Company,Active,SEMMA,VIC,3150,1999-11-01 00:00:00,26,true,2000-07-01 00:00:00,true,004216979,WILSON TRANSFORMER COMPANY PROPRIETARY LIMITED,"","","",https://semma.com.au/directory/,places/ChIJxxGBJ8Y_1moRDZLyvwxSfKs,Wilson Transformer Company,+61 3 9560 0411,http://www.wtc.com.au/,"310-336 Springvale Rd, Glen Waverley VIC 3150, Australia",manufacturer,"manufacturer,point_of_interest,establishment",4.2,9,2026-03-10 02:13:18.715021
89083545617,Industrial Laser Solutions,Manufacturing,Australian Private Company,Active,SEMMA,VIC,3803,1999-11-01 00:00:00,26,true,2000-07-01 00:00:00,true,083545617,INDUSTRIAL LASER SOLUTIONS PTY LTD,"","","",https://semma.com.au/directory/,places/ChIJvxQi5tYQ1moRvtFyFd7vOKE,Industrial Laser Solutions PTY Ltd.,+61 3 9796 3055,https://www.industriallaser.com.au/,"Factory 8/17-23 Keppel Dr, Hallam VIC 3803, Australia",supplier,"supplier,point_of_interest,manufacturer,establishment",3.0,4,2026-03-10 02:14:32.979109
80083198529,Advanced Precast (Aust),Manufacturing,Australian Private Company,Active,SEMMA,VIC,3175,1999-11-01 00:00:00,26,true,2000-07-01 00:00:00,true,083198529,ADVANCED PRECAST (NSW) PTY LTD,"","","",https://semma.com.au/directory/page/2/,places/ChIJVS-rVkcS1moRhx93PQZnF80,Advanced Precast.,+61 3 9706 5111,https://advprecast.com.au/,"45 Bangholme Rd, Bangholme VIC 3175, Australia",manufacturer,"manufacturer,point_of_interest,establishment",5.0,2,2026-03-10 02:14:56.784554
25005092704,Nissan Casting Australia Pty Ltd,Manufacturing,Australian Private Company,Active,SEMMA,VIC,3175,1999-11-01 00:00:00,26,true,2000-07-01 00:00:00,true,005092704,NISSAN CASTING AUSTRALIA PTY LTD,"","","",https://semma.com.au/directory/page/2/,places/ChIJw0klRNAT1moRTGR2gGTsnOs,Nissan Casting Australia Pty Ltd,+61 1800 035 035,http://www.nissan.com.au/,"209-235 Frankston - Dandenong Rd, Dandenong South VIC 3175, Australia",manufacturer,"manufacturer,car_dealer,point_of_interest,store,establishment",4.6,65,2026-03-10 02:15:24.749982
51005200966,Redline Engineering,Manufacturing,Australian Private Company,Active,SEMMA,VIC,3195,1999-11-01 00:00:00,26,true,2000-07-01 00:00:00,true,005200966,REDLINE ENGINEERING PROPRIETARY LIMITED,"","","",https://semma.com.au/directory/page/2/,places/ChIJX-Go_gFt1moR_qq8SLE4QvY,Redline Engineering,+61 3 9580 0288,https://redline.com.au/,"27 Hinkler Rd, Mordialloc VIC 3195, Australia",manufacturer,"manufacturer,point_of_interest,establishment",4.3,6,2026-03-10 02:15:37.896063
72073186008,SOFTWARE PLACE PTY. LIMITED,"",Australian Private Company,Active,ABR-Search,NSW,2763,1999-11-01 00:00:00,26,true,2008-06-16 00:00:00,true,073186008,SOFTWARE PLACE PTY. LIMITED,"","","","",places/ChIJF98RukauEmsRQQ9UXQSao3E,SoftwareOne Australia,+61 3 8799 2453,https://www.softwareone.com/en-au/,"16/65 Berry St, North Sydney NSW 2060, Australia",point_of_interest,"point_of_interest,establishment",4.7,7,2026-03-10 02:17:19.469269
81088382923,Software Time,"",Australian Private Company,Active,ABR-Search,NSW,2007,1999-11-01 00:00:00,26,true,2000-07-01 00:00:00,true,088382923,ONLINE RETAIL GROUP PTY LTD,"","","","",places/ChIJmw-fGS-uEmsR1J1wFx6Sxfs,Software Time,"",http://www.softwaretime.com.au/,"119/330 Wattle St, Ultimo NSW 2007, Australia",corporate_office,"corporate_office,point_of_interest,establishment",5.0,1,2026-03-10 02:17:48.159356
93083004906,F1 SOFTWARE PTY LTD,"",Australian Private Company,Active,ABR-Search,VIC,3180,1999-11-01 00:00:00,26,true,2000-07-01 00:00:00,true,083004906,F1 SOFTWARE PTY LTD,"","","","",places/ChIJDbnFXPdG1moRuxlorZK2VfM,F1 IT Group,+61 3 9850 5355,http://www.f1it.com.au/,"801 Glenferrie Rd, Hawthorn VIC 3122, Australia",consultant,"consultant,point_of_interest,service,establishment",5.0,4,2026-03-10 02:18:11.812132
47087888319,SOFTWARE 4 HIRE PTY LTD,"",Australian Private Company,Active,ABR-Search,NSW,2066,1999-11-01 00:00:00,26,true,2009-04-01 00:00:00,true,087888319,SOFTWARE 4 HIRE PTY LTD,"","","","",places/ChIJ5Xuo_jLzEmsRxLOlox3y3qY,Ride Solutions PTY LTD,+61 449 596 147,"","Unit 402/02 Fordham Way, Oran Park NSW 2570, Australia",transportation_service,"transportation_service,point_of_interest,establishment",5.0,19,2026-03-10 02:18:28.815365
92089018806,AUTOMATION DESIGN PTY LTD,"",Australian Private Company,Active,ABR-Search,NSW,2681,1999-11-01 00:00:00,26,true,2000-07-01 00:00:00,true,089018806,AUTOMATION DESIGN PTY LTD,"","","","",places/ChIJeZQcglCVEmsRDrOodVVfEko,CNC Design Pty Ltd,+61 2 9737 8259,http://www.cncdesign.com.au/,"22/457 Victoria St, Wetherill Park NSW 2164, Australia",consultant,"consultant,manufacturer,point_of_interest,service,establishment",0.0,0,2026-03-10 02:19:14.128915
99076010583,Embedded Network Manager,"",Australian Private Company,Active,ABR-Search,VIC,3149,1999-11-01 00:00:00,26,true,2000-07-01 00:00:00,true,076010583,MARDEN ENERGY PTY LTD,"","","","",places/ChIJD4hW1xVB1moRPjkwMRY5ajQ,ENM Solutions,+61 1300 000 366,https://www.enmsolutions.com.au/,"Suite 120/1 Queens Rd, Melbourne VIC 3004, Australia",service,"service,point_of_interest,establishment",5.0,10,2026-03-10 02:21:29.63821
33089992647,REAL TIME & EMBEDDED SYSTEMS PTY LTD,"",Australian Private Company,Active,ABR-Search,VIC,3931,1999-11-01 00:00:00,26,true,2000-07-01 00:00:00,true,089992647,REAL TIME & EMBEDDED SYSTEMS PTY LTD,"","","","",places/ChIJ9QL4SnRG1moR8mj0hATxsO0,Embedded Technologies,+61 1300 780 015,http://www.ete.com.au/,"279 Dundas St, Preston VIC 3072, Australia",supplier,"supplier,manufacturer,point_of_interest,establishment",0.0,0,2026-03-10 02:21:48.783056
55082604617,BARCODE LOGIC PTY LIMITED,"",Australian Private Company,Active,ABR-Search,NSW,2262,1999-11-01 00:00:00,26,true,2000-07-01 00:00:00,true,082604617,BARCODE LOGIC PTY LIMITED,"","","","",places/ChIJ2bJrMaZKDWsRrx0VcLHpuYQ,"Barcode Logic - Barcoding, Tracking and Monitoring",+61 2 4391 0148,https://barcodelogic.com.au/shop/,"60C Tenth Ave, Budgewoi NSW 2262, Australia",point_of_interest,"point_of_interest,establishment",3.5,2,2026-03-10 02:29:19.202213
46082400888,Corporate Financial Consulting Services Pty Ltd,General,Australian Private Company,Active,HobsonsBay,VIC,3016,1999-11-01 00:00:00,26,true,2018-07-01 00:00:00,true,082400888,CORPORATE FINANCIAL CONSULTING SERVICES PTY LTD,"","","",https://www.hobsonsbaybusiness.com.au/Business-Directory-Menu?dlv_OC%20CL%20Invest%20Business%20Directory%20Listing=(pageindex=7),places/ChIJtVxCkK5q1moRjuMvxFjstMY,Corporate Finance (Aust) Pty Ltd,+61 3 9558 6355,http://www.corporatefinance.com.au/,"Unit 1/10 Business Park Dr, Notting Hill VIC 3168, Australia",consultant,"consultant,point_of_interest,finance,service,establishment",5.0,10,2026-03-10 02:30:45.785306
60542351573,Louis Joel Arts & Community | Louis Joel Gallery,General,Co-operative,Active,HobsonsBay,VIC,3018,1999-11-01 00:00:00,26,true,2000-07-01 00:00:00,true,"",HOBSONS BAY COMMUNITY ADVANCEMENT CO-OPERATIVE LTD,"","","",https://www.hobsonsbaybusiness.com.au/Business-Directory-Menu?dlv_OC%20CL%20Invest%20Business%20Directory%20Listing=(pageindex=14),places/ChIJZ3XAqTJi1moROsNji4oj6oA,Louis Joel Arts & Community | Gallery & Ceramic Studio,+61 3 9398 2511,https://www.ljac.com.au/,"5 Sargood St, Altona VIC 3018, Australia",community_center,"community_center,art_gallery,wholesaler,event_venue,service,point_of_interest,establishment",4.7,67,2026-03-10 02:31:54.400004
37067391511,Millers Inn,General,Australian Private Company,Active,HobsonsBay,NSW,2000,1999-11-01 00:00:00,26,true,2000-07-01 00:00:00,true,067391511,AUSTRALIAN LEISURE AND HOSPITALITY GROUP PTY LIMITED,"","","",https://www.hobsonsbaybusiness.com.au/Business-Directory-Menu?dlv_OC%20CL%20Invest%20Business%20Directory%20Listing=(pageindex=16),places/ChIJwVOybBlh1moR2lyIRAUbFvg,Millers Inn,+61 3 9391 3555,https://www.millersinn.com.au/,"204 Millers Rd, Altona North VIC 3025, Australia",pub,"pub,sports_bar,bistro,liquor_store,bar,restaurant,point_of_interest,food,store,establishment",4.3,1237,2026-03-10 02:32:08.694936
37008145275,Simmers Serviced Apartment,General,Australian Private Company,Active,HobsonsBay,SA,5000,1999-11-01 00:00:00,26,true,2000-07-01 00:00:00,true,008145275,SERVICED APARTMENTS PTY LTD,"","","",https://www.hobsonsbaybusiness.com.au/Business-Directory-Menu?dlv_OC%20CL%20Invest%20Business%20Directory%20Listing=(pageindex=21),places/ChIJHzmNLOlm1moR3L_qVy91wbE,Simmers Serviced Apartments,+61 3 9397 6234,http://www.simmers.com.au/,"21 Ferguson St, Williamstown VIC 3016, Australia",lodging,"lodging,point_of_interest,establishment",4.8,28,2026-03-10 02:33:04.840003
73089101271,Advanced Business Manager,Service Provider,Australian Private Company,Active,NorthLink-FoodSvc,VIC,3032,1999-11-01 00:00:00,26,true,2009-09-01 00:00:00,true,089101271,ADVANCED BUSINESS MANAGER PTY LTD,"","",https://www.advancedbusinessmanager.com/australian-rail-freight-continues-to-grow/,https://northlink.org.au/melbournes-north-food-group/service-provider-directory/,places/ChIJYVtbMWlH1moRJFpMY79XPhk,Advanced Business Manager Pty Ltd.,+61 3 9848 2389,http://advancedbusinessmanager.com.au/,"13/1020 Doncaster Rd, Doncaster East VIC 3109, Australia",consultant,"consultant,finance,point_of_interest,service,establishment",0.0,0,2026-03-12 21:16:32.769882
72004108365,Labelhouse,Service Provider,Australian Private Company,Active,NorthLink-FoodSvc,NSW,2049,1999-11-01 00:00:00,26,true,2000-07-01 00:00:00,true,004108365,LABELHOUSE PTY. LTD.,"","",https://labelhousevic.com.au/,https://northlink.org.au/melbournes-north-food-group/service-provider-directory/,places/ChIJm077uTy5EmsRiEi5G2P6YJM,Assta Label House | Label Printing Sydney,+61 2 9533 3644,http://assta.com.au/,"16-18 Norman St, Peakhurst NSW 2210, Australia",service,"point_of_interest,service,establishment",5.0,3,2026-03-12 21:17:15.160453
62000768776,Linde Material Handling,Service Provider,Australian Private Company,Active,NorthLink-FoodSvc,NSW,2148,1999-11-01 00:00:00,26,true,2000-07-01 00:00:00,true,000768776,LINDE MATERIAL HANDLING PTY LIMITED,"","",https://lindemh.com.au/,https://northlink.org.au/melbournes-north-food-group/service-provider-directory/,places/ChIJR8WUER-ZEmsROetJMKuF7dk,Linde Material Handling,+61 1300 454 633,https://lindemh.com.au/,"5 Distillers Pl, Huntingwood NSW 2148, Australia",supplier,"supplier,point_of_interest,store,manufacturer,establishment",5.0,4,2026-03-12 21:17:17.263081
32090665277,ReWaste - Organics Recycling Service,Service Provider,Australian Private Company,Active,NorthLink-FoodSvc,NSW,2032,1999-11-01 00:00:00,26,true,2014-04-01 00:00:00,true,090665277,ENVIRO FRIENDLY ENTERPRISES PTY LTD,"","",https://www.rewaste.com.au/,https://northlink.org.au/melbournes-north-food-group/service-provider-directory/,places/ChIJ7WTUN66TEmsR3bIdBHqtLJA,Resource Enviro Solutions,+61 1300 101 502,https://resource-enviro.com.au/,"16-23 Clifton Ave, Kemps Creek NSW 2178, Australia",service,"point_of_interest,service,establishment",5.0,1,2026-03-12 21:17:49.024919
17088259910,Benson Machines Pty Ltd,Manufacturing,Australian Private Company,Active,AMTIL,NSW,2144,1999-12-01 00:00:00,26,true,2000-07-01 00:00:00,true,088259910,BENSON-MFI PTY LTD,"","","",https://amtil.com.au/directory/,places/ChIJZ5KqB1CjEmsR_LqrsBD-eNE,Benson Machines,+61 1800 687 898,http://www.bensonmachines.com/,"348 Chisholm Rd, Auburn NSW 2144, Australia",manufacturer,"manufacturer,point_of_interest,establishment",5.0,1,2026-03-10 02:08:04.640083
30090139503,SOFTWARE AG AUSTRALIA PTY LTD,"",Australian Private Company,Active,ABR-Search,NSW,2000,1999-12-01 00:00:00,26,true,2000-07-01 00:00:00,true,090139503,SOFTWARE AG AUSTRALIA PTY LTD,"","","","",places/ChIJ36eTmfauEmsRdDujH0yKA_k,Software AG Australia,+61 2 9071 5600,http://www.softwareag.com/au/,"Level 11/10 Carrington St, Sydney NSW 2000, Australia",point_of_interest,"point_of_interest,establishment",3.7,3,2026-03-10 02:18:30.039526
51088110169,McKinna Group,Manufacturing,Australian Private Company,Active,SEMMA,VIC,3195,1999-12-10 00:00:00,26,true,2000-07-01 00:00:00,true,088110169,MCKINNA SHEETMETAL PTY LTD,"","","",https://semma.com.au/directory/,places/ChIJXTP2gBht1moRCv1lK50fCjc,McKinna Group,+61 3 9580 4440,https://www.mckinnagroup.com.au/,"116 Malcolm Rd, Braeside VIC 3195, Australia",building_materials_store,"building_materials_store,supplier,store,manufacturer,service,point_of_interest,establishment",4.5,19,2026-03-10 02:14:29.876222
89008171855,Dixon Industries Pty Ltd,Manufacturing,Australian Private Company,Active,AMTIL,SA,5014,1999-12-15 00:00:00,26,true,2000-07-01 00:00:00,true,008171855,DIXON INDUSTRIES PTY. LTD.,"","","",https://amtil.com.au/directory/,places/ChIJM30PtZDGsGoRS7LH461aaK4,Dixon Industries Pty Ltd,+61 8 8240 1555,https://dixonind.com.au/,"17 Frederick Rd, Royal Park SA 5014, Australia",manufacturer,"manufacturer,building_materials_store,supplier,food,point_of_interest,service,store,establishment",5.0,3,2026-03-10 02:09:00.219708
28050198895,KAESER Compressors Australia Pty Ltd,Manufacturing,Australian Private Company,Active,AMTIL,VIC,3175,1999-12-15 00:00:00,26,true,2000-07-01 00:00:00,true,050198895,KAESER COMPRESSORS AUSTRALIA PTY. LIMITED,"","","",https://amtil.com.au/directory/,places/ChIJ3a1-GdoT1moRFP5A21d-gL4,KAESER Compressors Australia Pty Ltd.,+61 3 9791 5999,https://au.kaeser.com/services/air-compressor-sales-and-service-in-melbourne-vic.aspx,"45 Zenith Rd, Dandenong South VIC 3175, Australia",manufacturer,"manufacturer,supplier,point_of_interest,service,establishment",4.8,61,2026-03-10 02:10:24.67806
95064086193,PMG Engineering Services Pty Ltd,Manufacturing,Australian Private Company,Active,SEMMA,VIC,3195,1999-12-17 00:00:00,26,true,2000-07-01 00:00:00,true,064086193,P.M.G. ENGINEERING SERVICES PTY. LTD.,"","","",https://semma.com.au/directory/,places/ChIJabU9nxdt1moR86wxAna2Sw4,PMG Engineering Group Pty Ltd,+61 3 9580 0455,https://pmgeng.com.au/,"37 MacBeth St, Braeside VIC 3195, Australia",manufacturer,"manufacturer,point_of_interest,establishment",4.8,25,2026-03-10 02:14:24.048174
15091031677,Copamate Products,Manufacturing,Australian Private Company,Active,"NorthLink-MfgPartner,AMTIL",VIC,3061,2000-01-01 00:00:00,26,true,2000-07-01 00:00:00,true,091031677,COP-A-MATE PRODUCTS PTY LTD,"","","",https://northlink.org.au/melbournes-north-advanced-manufacturing-group/partner-directory/,places/ChIJBVW1nN9F1moRDnnKNQEdn-A,Copamate,+61 3 9459 3644,https://copamate.com/,"153 Northbourne Rd, Campbellfield VIC 3061, Australia",manufacturer,"manufacturer,point_of_interest,establishment",4.1,13,2026-03-12 21:29:26.696198
22002072184,RAINBOW MODELLING CLAY,"",Australian Private Company,Active,ABR-Search,NSW,2120,2000-01-17 00:00:00,26,true,2000-07-01 00:00:00,true,002072184,S & S WHOLESALE PTY LTD,"","","","",places/ChIJVfIIATyvEmsReD0EIjUR7bc,Rainbow Studios,+61 426 813 391,http://www.rainbowstudios.com.au/,"348 Liverpool St, Darlinghurst NSW 2010, Australia",art_gallery,"art_gallery,jewelry_store,event_venue,service,point_of_interest,store,establishment",5.0,4,2026-03-10 02:23:55.42817
97002901135,AUTOMATION TECHNOLOGIES PTY. LTD.,"",Australian Private Company,Active,ABR-Search,NSW,2097,2000-01-20 00:00:00,26,true,2000-07-01 00:00:00,true,002901135,AUTOMATION TECHNOLOGIES PTY. LTD.,"","","","",places/ChIJUSS33HFVDWsRUYDMQfVyAHw,Automation Technologies Pty Ltd,+61 1300 009 415,http://www.autotechfm.com/,"23 Systrum St, Ultimo NSW 2007, Australia",service,"service,point_of_interest,establishment",0.0,0,2026-03-10 02:19:37.073085
11005434024,Fantech Pty Ltd,Manufacturing,Australian Private Company,Active,AMTIL,VIC,3175,2000-01-21 00:00:00,26,true,2000-07-01 00:00:00,true,005434024,FANTECH PTY. LTD.,"","","",https://amtil.com.au/directory/,places/ChIJR_OuPHAR1moRhJeUqb8CLb0,Fantech,+61 3 9554 7845,https://www.fantech.com.au/,"63 Vision St, Dandenong South VIC 3175, Australia",manufacturer,"manufacturer,point_of_interest,establishment",4.6,9,2026-03-10 02:09:21.592159
45051533398,Radius Benders Pty Ltd,Manufacturing,Australian Private Company,Active,AMTIL,NSW,4122,2000-01-21 00:00:00,26,true,2000-07-01 00:00:00,true,051533398,RADIUS BENDERS PTY LTD,"","","",https://amtil.com.au/directory/,places/ChIJPX_kpHxbkWsR1-fzzlWmQ5o,Radius Benders Pty Ltd,+61 7 3849 8162,https://radius.com.au/,"3 Dividend St, Mansfield QLD 4122, Australia",manufacturer,"manufacturer,service,point_of_interest,establishment",0.0,0,2026-03-10 02:11:55.562839
61066861943,Novasys Group Pty Ltd,Manufacturing,Australian Private Company,Active,AMTIL,VIC,3153,2000-01-23 00:00:00,26,true,2000-07-01 00:00:00,true,066861943,NOVASYS GROUP PTY LTD,"","","",https://amtil.com.au/directory/,places/ChIJ0yvbbl881moRFnxDTldleNQ,Novasys Group Pty Ltd,+61 3 9752 3766,http://www.novasys.com.au/,"3/14 Stephenson Rd, Bayswater North VIC 3153, Australia",supplier,"supplier,point_of_interest,manufacturer,store,establishment",5.0,1,2026-03-10 02:11:19.173656
87058229495,ECI Software Solutions,Manufacturing,Australian Private Company,Active,AMTIL,VIC,3123,2000-01-25 00:00:00,26,true,2000-07-01 00:00:00,true,058229495,ECI SOLUTIONS PTY LTD,"","","",https://amtil.com.au/directory/,places/ChIJZ-3Y9PI_1moR5IUv3fQBP_U,ECI Software Solutions,+61 3 9210 4700,https://www.ecisolutions.com/en-au/?utm_source=google-my-business&utm_medium=website-button,"Level 2/141 Camberwell Road, Hawthorn East VIC 3123, Australia",point_of_interest,"point_of_interest,establishment",3.1,7,2026-03-10 02:09:07.593073
96004338961,Headland Technology,Manufacturing,Australian Private Company,Active,AMTIL,VIC,3125,2000-01-25 00:00:00,26,true,2000-07-01 00:00:00,true,004338961,HEADLAND TECHNOLOGY PTY LTD,"","","",https://amtil.com.au/directory/,places/ChIJH1DJkUVA1moRIMFviKLfBf8,Headland Technology,+61 1300 138 285,http://www.headland.au/,"95 Highbury Rd, Burwood VIC 3125, Australia",point_of_interest,"point_of_interest,establishment",4.6,5,2026-03-10 02:09:56.126145
29006111691,Independent Software Advisors,Manufacturing,Australian Private Company,Active,SEMMA,VIC,3106,2000-01-25 00:00:00,26,true,2000-07-01 00:00:00,true,006111691,GEMINI DOWNS PTY. LTD.,"","","",https://semma.com.au/directory/,places/ChIJM4DKG_dMzWoRIAZqoVbUAco,Think Independent,+61 3 9020 2636,http://www.thinkindependent.com.au/,"Level 17/31 Queen St, Melbourne VIC 3000, Australia",consultant,"consultant,finance,point_of_interest,service,establishment",3.0,2,2026-03-10 02:13:51.987505
53088212686,Value Heat Treatment,Manufacturing,Australian Private Company,Active,AMTIL,VIC,4108,2000-01-28 00:00:00,26,true,2000-07-01 00:00:00,true,088212686,HEAT TREATMENT (QLD) PTY LTD,"","","",https://amtil.com.au/directory/,places/ChIJYRwpbW471moR7rbF7f_Wdi8,Value Heat Treatment,+61 3 9762 4771,https://www.valueheattreatment.com.au/,"10 Red Gum Dr, Dandenong South VIC 3175, Australia",point_of_interest,"point_of_interest,establishment",4.5,2,2026-03-10 02:12:50.764871
85008655418,SOFTWARE IMPROVEMENTS PTY LTD,"",Australian Private Company,Active,ABR-Search,NSW,2621,2000-01-31 00:00:00,26,true,2000-07-01 00:00:00,true,008655418,SOFTWARE IMPROVEMENTS PTY LTD,"","","","",places/ChIJ_QShcBZYFmsR3z3fM_geTtk,SOFTWARE IMPROVEMENTS PTY LTD,+61 2 6230 3195,http://dfr-designs.com/,"97 Bankers Rd, Bywong NSW 2621, Australia",point_of_interest,"point_of_interest,establishment",5.0,1,2026-03-10 02:17:04.49985
46089353524,Protube Engineering Pty Ltd,Manufacturing,Australian Private Company,Active,AMTIL,SA,5067,2000-02-01 00:00:00,26,true,2000-07-01 00:00:00,true,089353524,PROTUBE ENGINEERING PTY LTD,"","","",https://amtil.com.au/directory/,places/ChIJ5Xom1EfJsGoRiVgeBozwWzg,Protube Engineering Pty Ltd,+61 8 8363 1311,https://www.protube.com.au/,"76 North Terrace, Kent Town SA 5067, Australia",point_of_interest,"point_of_interest,establishment",5.0,2,2026-03-10 02:11:50.183583
15073882827,D&M Auto Industrial Spray Painting,Manufacturing,Australian Private Company,Active,SEMMA,VIC,3195,2000-02-01 00:00:00,26,true,2000-07-01 00:00:00,true,073882827,D & M AUTO INDUSTRIAL SPRAY PAINTING PTY. LTD.,"","","",https://semma.com.au/directory/page/2/,places/ChIJky8-1hZt1moR1pQs03F9vPQ,D&M Auto Spray Painting,+61 3 9587 3497,http://dmauto.com.au/,"29 Industrial Dr, Braeside VIC 3195, Australia",manufacturer,"manufacturer,point_of_interest,service,establishment",4.1,11,2026-03-10 02:14:39.818233
92091253137,FUTURE PLATFORM PTY LIMITED,"",Australian Private Company,Active,ABR-Search,NSW,2095,2000-02-01 00:00:00,26,true,2000-07-01 00:00:00,true,091253137,FUTURE PLATFORM PTY LIMITED,"","","","",places/ChIJHX258ziuEmsRlBI_ILqYlQI,Future Platform,+61 418 662 223,"","45 Lime St, Sydney NSW 2000, Australia",medical_clinic,"point_of_interest,medical_clinic,health,service,establishment",0.0,0,2026-03-10 02:27:05.16308
80003538172,DINNA MATHEMATICAL MODELLING PTY. LIMITED,"",Australian Private Company,Active,ABR-Search,NSW,2022,2000-02-02 00:00:00,26,true,2000-07-01 00:00:00,true,003538172,DINNA MATHEMATICAL MODELLING PTY. LIMITED,"","","","","","","","","","","",0.0,0,2026-03-10 02:23:34.631542
97057888552,Outerspace Design Group,Manufacturing,Australian Private Company,Active,NorthLink-MfgPartner,VIC,3067,2000-02-03 00:00:00,26,true,2000-07-01 00:00:00,true,057888552,OUTER SPACE DESIGN GROUP PTY. LTD.,"","",https://outerspace.co/,https://northlink.org.au/melbournes-north-advanced-manufacturing-group/partner-directory/,places/ChIJe9q6YItC1moRp8PNw_39GKo,Outerspace Product Design Melbourne,+61 3 9427 0355,https://outerspace.co/?utm_source=google&utm_medium=organic&utm_campaign=google_my_business,"50 Duke St, Abbotsford VIC 3067, Australia",consultant,"consultant,manufacturer,point_of_interest,service,establishment",4.9,21,2026-03-10 02:06:55.654716
35001355899,Fanuc Oceania Pty Ltd,Manufacturing,Australian Private Company,Active,AMTIL,NSW,2148,2000-02-03 00:00:00,26,true,2000-07-01 00:00:00,true,001355899,FANUC OCEANIA PTY LTD,"","","",https://amtil.com.au/directory/,places/ChIJQZET9-OZEmsR95W-ll3jXmE,Fanuc Oceania,+61 2 8822 4600,http://www.fanuc.co.jp/en/service/asia/oceania.htm,"10 Healey Cct, Huntingwood NSW 2148, Australia",corporate_office,"corporate_office,point_of_interest,establishment",5.0,1,2026-03-10 02:09:23.187007
74000014175,Quaker Houghton Australia Pty Ltd,Manufacturing,Australian Private Company,Active,AMTIL,VIC,3189,2000-02-04 00:00:00,26,true,2000-07-01 00:00:00,true,000014175,QUAKER HOUGHTON AUSTRALIA PTY LTD,"","","",https://amtil.com.au/directory/,places/ChIJG0ZVabJu1moRl9fOh09lg6s,Houghton Australia Pty Ltd,+61 1300 736 642,http://www.quakerhoughton.com/,"287 Wickham Rd, Moorabbin VIC 3189, Australia",supplier,"supplier,manufacturer,point_of_interest,establishment",0.0,0,2026-03-10 02:11:54.837448
89080086906,Morgan Technical Ceramics,Manufacturing,Australian Private Company,Active,SEMMA,VIC,3168,2000-02-04 00:00:00,26,true,2000-07-01 00:00:00,true,080086906,MORGAN TECHNICAL CERAMICS AUSTRALIA PTY LIMITED,"","","",https://semma.com.au/directory/page/2/,places/ChIJncp0snCK1moR9qSD4iiHOZE,Thermal Ceramics Australia,+61 1800 467 858,http://www.morganthermalceramics.com/,"10 Telley St, Ravenhall VIC 3023, Australia",building_materials_store,"building_materials_store,point_of_interest,store,establishment",4.0,4,2026-03-10 02:15:27.706613
63004148841,Williamstown Central,General,Australian Private Company,Active,HobsonsBay,VIC,3016,2000-02-04 00:00:00,26,true,2000-07-01 00:00:00,true,004148841,SIMMERS & CO. PROPRIETARY LIMITED,"","","",https://www.hobsonsbaybusiness.com.au/Business-Directory-Menu?dlv_OC%20CL%20Invest%20Business%20Directory%20Listing=(pageindex=26),places/ChIJ90M2B8Jm1moRiyCof2Ss9yk,Williamstown Central Tennis Club,"",https://www.tennis.com.au/williamstowncentraltc/,"78 Melbourne Rd, Williamstown VIC 3016, Australia",sports_club,"sports_club,association_or_organization,point_of_interest,establishment",4.5,12,2026-03-10 02:33:45.891095
72001175355,Fletcher Insulation Pty Ltd,Manufacturing,Australian Private Company,Active,SEMMA,VIC,2145,2000-02-08 00:00:00,26,true,2000-07-01 00:00:00,true,001175355,FLETCHER INSULATION PTY LIMITED,"","","",https://semma.com.au/directory/page/2/,places/ChIJK6OFIN0T1moRdxO-CIKOFMo,Fletcher Insulation,+61 1300 654 444,http://www.insulation.com.au/,"127 Frankston - Dandenong Rd, Dandenong South VIC 3175, Australia",general_contractor,"general_contractor,supplier,manufacturer,point_of_interest,service,establishment",4.2,23,2026-03-10 02:16:00.801656
74082999264,Precision Plating (Aust) Pty Ltd,Manufacturing,Australian Private Company,Active,SEMMA,VIC,3175,2000-02-10 00:00:00,26,true,2000-07-01 00:00:00,true,082999264,PRECISION PLATING (AUST) PTY. LTD.,"","","",https://semma.com.au/directory/page/3/,places/ChIJWZXSe2ER1moR5VA3mee2o-k,Precision Plating,+61 3 9792 9815,http://www.precisionplating.com.au/,"11 Advantage Dr, Dandenong South VIC 3175, Australia",service,"point_of_interest,service,establishment",4.9,11,2026-03-10 02:16:06.208619
62000020100,Harrington Industries Pty Ltd,Manufacturing,Australian Private Company,Active,AMTIL,NSW,2211,2000-02-13 00:00:00,26,true,2000-07-01 00:00:00,true,000020100,G.A. & L. HARRINGTON PTY LTD,"","","",https://amtil.com.au/directory/,places/ChIJoatQ4Lm-EmsRfy2ZFjq9SOc,Harrington Industries,+61 2 9771 2411,http://www.harringtonindustries.com.au/,"108 Fairford Rd, Padstow NSW 2211, Australia",manufacturer,"manufacturer,point_of_interest,establishment",5.0,1,2026-03-10 02:09:53.510634
96000286957,Hare & Forbes Machineryhouse,Manufacturing,Australian Private Company,Active,AMTIL,NSW,2152,2000-02-14 00:00:00,26,true,2000-07-01 00:00:00,true,000286957,HARE & FORBES PTY LTD,"","","",https://amtil.com.au/directory/,places/ChIJC2O3LjyuEmsR3lW9vhHmFS8,Hare & Forbes MachineryHouse,+61 2 9890 9111,https://www.machineryhouse.com.au/,"Unit 1/2 Windsor Rd, Northmead NSW 2152, Australia",building_materials_store,"building_materials_store,supplier,manufacturer,point_of_interest,service,store,establishment",4.1,123,2026-03-10 02:09:51.853725
80000014639,Hurll Nu-Way Pty Ltd,Manufacturing,Australian Private Company,Active,SEMMA,VIC,3150,2000-02-14 00:00:00,26,true,2000-07-01 00:00:00,true,000014639,HURLL NU-WAY PTY LTD,"","","",https://semma.com.au/directory/,places/ChIJscvXOeg_1moRPhKWUSTN8J0,HURLL NU-WAY,+61 1300 556 380,http://www.hnw.com.au/,"14 Aristoc Rd, Glen Waverley VIC 3150, Australia",corporate_office,"corporate_office,general_contractor,supplier,service,point_of_interest,manufacturer,establishment",5.0,1,2026-03-10 02:14:12.669352
73065365031,Food Process Engineering,Service Provider,Australian Private Company,Active,NorthLink-FoodSvc,VIC,3095,2000-02-14 00:00:00,26,true,2000-07-01 00:00:00,true,065365031,FOOD PROCESS ENGINEERING PTY. LTD.,"","",http://www.foodpro.com.au/index2.html,https://northlink.org.au/melbournes-north-food-group/service-provider-directory/,places/ChIJ-zUHbblB1moR2oNhksUpU4A,RMR Process Pty Ltd,+61 3 9023 9130,http://www.rmrprocess.com/,"Suite G.01, level 1/762 Toorak Rd, Glen Iris VIC 3146, Australia",consultant,"consultant,point_of_interest,service,establishment",5.0,1,2026-03-12 21:17:01.50241
59081618055,Bottcher Australia,Manufacturing,Australian Private Company,Active,AMTIL,NSW,2164,2000-02-16 00:00:00,26,true,2000-07-01 00:00:00,true,081618055,BOTTCHER AUSTRALIA PTY. LIMITED,"","","",https://amtil.com.au/directory/,places/ChIJy9uKW-yhEmsR0AFrP4phc-s,Bottcher Australia Pty Lyd,+61 1800 204 102,"","Unit 1, 364-384 Woodpark Road Deliveries:, Unit 1, 364/384 Woodpark Rd, Smithfield NSW 2164, Australia",manufacturer,"manufacturer,point_of_interest,establishment",5.0,1,2026-03-10 02:08:12.994265
79007035369,John Berends Implements Pty Ltd,Manufacturing,Australian Private Company,Active,SEMMA,VIC,3175,2000-02-16 00:00:00,26,true,2000-07-01 00:00:00,true,007035369,JOHN BERENDS IMPLEMENTS PTY. LTD.,"","","",https://semma.com.au/directory/page/2/,places/ChIJyY8q2twT1moRrwRp7z7byY4,John Berends Implements,+61 3 9791 2494,https://www.johnberendsimplements.com.au/,"130 Frankston - Dandenong Rd, Dandenong South VIC 3175, Australia",food,"food,supplier,point_of_interest,establishment",4.4,12,2026-03-10 02:15:14.484807
25004607514,Delahenty Machinery Pty Ltd,Manufacturing,Australian Private Company,Active,AMTIL,VIC,3180,2000-02-17 00:00:00,26,true,2000-07-01 00:00:00,true,004607514,DELAHENTY MACHINERY PTY. LIMITED,"","","",https://amtil.com.au/directory/,places/ChIJ6cStBmo81moRF5-j64TUx-s,Delahenty Machinery Pty Ltd,+61 3 9800 1544,https://www.delahenty.com.au/contact-us/,"14 Parkhurst Dr, Knoxfield VIC 3180, Australia",building_materials_store,"building_materials_store,supplier,manufacturer,wholesaler,point_of_interest,service,store,establishment",0.0,0,2026-03-10 02:08:56.373079
79003244942,Machine Technology,Manufacturing,Australian Private Company,Active,AMTIL,NSW,2217,2000-02-21 00:00:00,26,true,2000-07-01 00:00:00,true,003244942,MACHINE TECHNOLOGY PTY LTD,"","","",https://amtil.com.au/directory/,places/ChIJC5V71N65EmsRiKEP1tioc9U,Machine Technology,+61 2 9587 0232,https://machinetechnology.com/,"3 Production Ave, Kogarah NSW 2217, Australia",point_of_interest,"point_of_interest,establishment",5.0,1,2026-03-10 02:10:50.352476
25006630084,Williams Refrigeration Australia Pty Ltd,Manufacturing,Australian Private Company,Active,SEMMA,VIC,3175,2000-02-21 00:00:00,26,true,2000-07-01 00:00:00,true,006630084,WILLIAMS REFRIGERATION AUSTRALIA PTY. LTD.,"","","",https://semma.com.au/directory/,places/ChIJGUR13HYR1moRf_SABOWWMR0,Williams Refrigeration Australia,+61 1800 338 148,https://www.williams-refrigeration.com.au/,"38-42 Gaine Rd, Dandenong South VIC 3175, Australia",furniture_store,"furniture_store,home_improvement_store,home_goods_store,supplier,point_of_interest,manufacturer,store,establishment",3.3,9,2026-03-10 02:14:08.506898
76004519064,M Brodribb Pty Ltd,Manufacturing,Australian Private Company,Active,SEMMA,VIC,3146,2000-02-21 00:00:00,26,true,2000-07-01 00:00:00,true,004519064,M. BRODRIBB PTY. LIMITED,"","","",https://semma.com.au/directory/page/2/,places/ChIJUdoXXANC1moR1B-E2pBO2CM,M Brodribb PTY Ltd.,+61 3 9832 0222,https://www.brodribb.com.au/,"15 Carroll Cres, Glen Iris VIC 3146, Australia",supplier,"supplier,point_of_interest,service,store,establishment",0.0,0,2026-03-10 02:15:51.140889
68007214708,SOFTWARE ESCROW,"",Australian Private Company,Active,ABR-Search,VIC,3008,2000-02-21 00:00:00,26,true,2000-07-01 00:00:00,true,007214708,SOFTWARE ESCROW & COPYRIGHT AGENTS PTY LTD,"","","","",places/ChIJpU6OFE1d1moRT6F0QfjS6qo,Software Escrow & Copyright Agents Pty Ltd,+61 3 9629 3534,http://www.escrowagent.com.au/,"Suite 419/838 Collins St, Docklands VIC 3008, Australia",finance,"point_of_interest,finance,service,establishment",0.0,0,2026-03-10 02:16:59.632619
17000834999,Kennametal Australia Pty Ltd,Manufacturing,Australian Private Company,Active,AMTIL,VIC,4129,2000-02-22 00:00:00,26,true,2000-07-01 00:00:00,true,000834999,KENNAMETAL AUSTRALIA PTY LTD,"","","",https://amtil.com.au/directory/,places/ChIJufFkSwAV1moRd3DR2f-YizA,Kennametal Australia Pty Ltd,+61 1800 666 667,https://www.kennametal.com/au/en/home.html,"8a/475 Blackburn Rd, Mount Waverley VIC 3149, Australia",corporate_office,"corporate_office,point_of_interest,establishment",0.0,0,2026-03-10 02:10:29.940306
65005953168,Flavour Makers,Manufacturing,Australian Private Company,Active,AMTIL,VIC,3195,2000-02-23 00:00:00,26,true,2000-07-01 00:00:00,true,005953168,FLAVOUR MAKERS PTY LTD,"","","",https://amtil.com.au/directory/,places/ChIJ523buBNt1moRCLaf8iVvxdA,Flavour Makers Pty Ltd,+61 3 9580 3344,http://www.flavourmakers.com/,"223-225 Governor Rd, Braeside VIC 3195, Australia",manufacturer,"manufacturer,point_of_interest,establishment",4.4,9,2026-03-10 02:09:30.054171
68006732332,Hitachi Global Air Power Australia Pty Ltd,Manufacturing,Australian Private Company,Active,SEMMA,VIC,3175,2000-02-23 00:00:00,26,true,2000-07-01 00:00:00,true,006732332,HITACHI GLOBAL AIR POWER AUSTRALIA PTY LTD,"","","",https://semma.com.au/directory/page/2/,places/ChIJgxLh8JUT1moRLFThVS0oF1E,Hitachi Global Air Power Australia,+61 1300 266 773,https://hitachiglobalairpower.au/melbourne-branch/,"7 Bazalgette Cres, Dandenong South VIC 3175, Australia",supplier,"supplier,manufacturer,point_of_interest,establishment",4.7,13,2026-03-10 02:15:34.01924
67005573660,Barker Trailers,Manufacturing,Australian Private Company,Active,NorthLink-MfgPartner,VIC,3442,2000-02-24 00:00:00,26,true,2000-07-01 00:00:00,true,005573660,BARKER TRAILERS PTY. LTD.,"","",https://barkertrailers.com.au/,https://northlink.org.au/melbournes-north-advanced-manufacturing-group/partner-directory/,places/ChIJ3fsmOtod12oR8O8OZCTH92w,Barker Trailers,+61 3 5427 9999,http://www.barkertrailers.com.au/,"144 Clancys Ln, Woodend VIC 3442, Australia",manufacturer,"manufacturer,point_of_interest,establishment",4.2,22,2026-03-10 02:06:32.059654
64056356677,Camco Cutting Tools International Pty Ltd,Manufacturing,Australian Private Company,Active,AMTIL,VIC,3043,2000-02-24 00:00:00,26,true,2000-07-01 00:00:00,true,056356677,CAMCO CUTTING TOOLS INTERNATIONAL PTY. LTD.,"","","",https://amtil.com.au/directory/,places/ChIJqcJVv0ZZ1moR6t-lE0NCs34,Camco Cutting Tools Int'l Pty. Ltd.,+61 3 8336 1500,https://www.camcointl.com/,"1/25 Mareno Rd, Tullamarine VIC 3043, Australia",supplier,"supplier,service,point_of_interest,manufacturer,establishment",4.0,1,2026-03-10 02:08:26.15617
32060673396,3D Systems Asia-Pacific Pty Ltd,Manufacturing,Australian Private Company,Active,AMTIL,NSW,3153,2000-02-25 00:00:00,26,true,2000-07-01 00:00:00,true,060673396,3D SYSTEMS ASIA-PACIFIC PTY LTD,"","","",https://amtil.com.au/directory/,places/ChIJn2l2O7SxEmsR1jHq8-ErcgA,3D Systems,+61 2 9516 5571,"","45-51 Huntley St, Alexandria NSW 2015, Australia",manufacturer,"manufacturer,point_of_interest,establishment",0.0,0,2026-03-10 02:07:12.217395
14006135940,Ajay Engineering Co.,Manufacturing,Australian Private Company,Active,AMTIL,VIC,3175,2000-02-25 00:00:00,26,true,2000-07-01 00:00:00,true,006135940,KAMHIR PTY. LTD.,"","","",https://amtil.com.au/directory/,places/ChIJ-xWjIUcS1moRtp99Jl80KoQ,Ajay Engineering Co,+61 3 9706 5333,http://www.ajayengineering.com.au/,"521 Hammond Rd, Dandenong VIC 3175, Australia",supplier,"supplier,service,point_of_interest,manufacturer,establishment",0.0,0,2026-03-10 02:07:27.795479
79004510972,Ronson Gears Pty Ltd,Manufacturing,Australian Private Company,Active,AMTIL,VIC,3190,2000-02-25 00:00:00,26,true,2000-07-01 00:00:00,true,004510972,RONSON GEARS PROPRIETARY LIMITED,"","","",https://amtil.com.au/directory/,places/ChIJZY-Mihxs1moRjKa9TQ4ZoiE,Ronson Gears,+61 3 9276 8900,http://www.ronsongears.com.au/,"14-20 Teton Ct, Highett VIC 3190, Australia",manufacturer,"manufacturer,supplier,point_of_interest,establishment",5.0,1,2026-03-10 02:12:04.54838
94007441689,Waddell Engineering,Manufacturing,Australian Private Company,Active,AMTIL,VIC,3190,2000-02-25 00:00:00,26,true,2000-07-01 00:00:00,true,007441689,ELITE ENGINEERING AUST PTY. LTD.,"","","",https://amtil.com.au/directory/,places/ChIJH13TQRts1moRXkmtWbhsRSY,Waddell Engineering PTY Ltd.,+61 3 9555 8971,https://www.waddellengineering.com.au/,"2 Commercial Rd, Highett VIC 3190, Australia",manufacturer,"manufacturer,point_of_interest,establishment",0.0,0,2026-03-10 02:12:53.452392
71064692360,AUTOMATION BY DESIGN,"",Australian Private Company,Active,ABR-Search,VIC,3180,2000-02-25 00:00:00,26,true,2000-07-01 00:00:00,true,064692360,ADAM BROWN ELECTRICAL PTY. LTD.,"","","","",places/ChIJ8T2jHSw-1moRqCfDiu3LKb8,Automation by Design,+61 1300 339 303,http://automationbydesign.com.au/,"UNIT 47/1470 Ferntree Gully Rd, Knoxfield VIC 3180, Australia",electrician,"electrician,manufacturer,service,point_of_interest,establishment",4.9,21,2026-03-10 02:19:09.766483
46003154452,PLATFORM G,"",Australian Private Company,Active,ABR-Search,NSW,2022,2000-02-25 00:00:00,26,true,2000-07-01 00:00:00,true,003154452,THE GORDON MANAGEMENT GROUP PTY LTD,"","","","",places/ChIJIYTXhz6uEmsRypg-ZYpFrsk,Platform03,+61 2 8592 2008,"","The Galeries, Lower Ground, 500 George St, Sydney NSW 2000, Australia",clothing_store,"clothing_store,store,point_of_interest,establishment",3.7,29,2026-03-10 02:25:44.878296
18000008211,Okuma Australia Pty Ltd,Manufacturing,Australian Private Company,Active,AMTIL,VIC,3178,2000-02-26 00:00:00,26,true,2000-07-01 00:00:00,true,000008211,OKUMA AUSTRALIA PTY LTD,"","","",https://amtil.com.au/directory/,places/ChIJu3YEnsI91moRdb2lEDui2GY,Okuma Australia Pty Ltd,+61 1300 165 862,http://www.okumaaustralia.com.au/,"3 Tampe Rd, Rowville VIC 3178, Australia",manufacturer,"manufacturer,point_of_interest,establishment",3.7,3,2026-03-10 02:11:22.943648
66006029296,CNC Design Pty Ltd,Manufacturing,Australian Private Company,Active,AMTIL,VIC,3131,2000-02-29 00:00:00,26,true,2000-07-01 00:00:00,true,006029296,C.N.C. DESIGN PTY. LTD.,"","","",https://amtil.com.au/directory/,places/ChIJ_YLQ2QND1moRl2ojhrMdvk8,CNC Design Pty Ltd,+61 3 9417 2820,https://www.cncdesign.com.au/,"Unit 2/137-145 Rooks Rd, Nunawading VIC 3131, Australia",service,"service,point_of_interest,manufacturer,establishment",5.0,3,2026-03-10 02:08:41.594354
47001145651,SEI Carbide Australia Pty Ltd,Manufacturing,Australian Private Company,Active,AMTIL,NSW,2750,2000-02-29 00:00:00,26,true,2000-07-01 00:00:00,true,001145651,SEI CARBIDE AUSTRALIA PTY LTD,"","","",https://amtil.com.au/directory/,places/ChIJHeSHcxKPEmsRBs45-kvm51E,SEI Carbide Australia,+61 2 4721 2000,http://www.sumitool.com.au/,"2/89 Batt St, Jamisontown NSW 2750, Australia",manufacturer,"manufacturer,point_of_interest,establishment",0.0,0,2026-03-10 02:12:12.672463
83089091298,TLV Pty Ltd,Manufacturing,Australian Private Company,Active,AMTIL,VIC,3131,2000-02-29 00:00:00,26,true,2000-07-01 00:00:00,true,089091298,TLV PTY. LIMITED,"","","",https://amtil.com.au/directory/,places/ChIJawF0Z9M-1moRTP1aCqRF6qk,TLV Pty Limited,+61 3 9873 5610,https://www.tlv.com/en-au,"8/137-145 Rooks Rd, Nunawading VIC 3131, Australia",manufacturer,"manufacturer,point_of_interest,service,establishment",0.0,0,2026-03-10 02:12:44.801985
59006590174,Amiga Engineering,Manufacturing,Australian Private Company,Active,"NorthLink-MfgPartner,AMTIL",VIC,3043,2000-03-01 00:00:00,26,true,2000-07-01 00:00:00,true,006590174,AMIGA ENGINEERING PTY. LTD.,"","","",https://northlink.org.au/melbournes-north-advanced-manufacturing-group/partner-directory/,places/ChIJM_8rdttb1moRfgzML6ccb0M,Amiga Engineering Pty Ltd,+61 3 9330 0688,https://amigaeng.com.au/,"9-11 Silicon Pl, Tullamarine VIC 3043, Australia",manufacturer,"manufacturer,supplier,point_of_interest,service,establishment",5.0,1,2026-03-12 21:29:11.13204
50004436711,Hardman Bros Pty Ltd,Manufacturing,Australian Private Company,Active,AMTIL,VIC,3172,2000-03-01 00:00:00,26,true,2000-07-01 00:00:00,true,004436711,HARDMAN BROS. PROPRIETARY LIMITED,"","","",https://amtil.com.au/directory/,places/ChIJl6fkyeds1moR9ks_UzbP1Oo,Hardman Brothers Pty Ltd,+61 3 9552 6500,https://www.hardmanbros.com.au/?utm_campaign=GBP_Website_Button&utm_medium=Google_Business_Profile&utm_source=google,"385-393 Lower Dandenong Rd, Dingley Village VIC 3172, Australia",service,"service,point_of_interest,manufacturer,establishment",5.0,2,2026-03-10 02:09:50.952401
62089337833,R&I Instrument & Gear Co (Aust) Pty Ltd,Manufacturing,Australian Private Company,Active,SEMMA,VIC,3172,2000-03-01 00:00:00,26,true,2000-07-01 00:00:00,true,089337833,R. & I. INSTRUMENT & GEAR CO. (AUST) PTY. LTD.,"","","",https://semma.com.au/directory/,places/ChIJ-TbarOds1moRYqxbva0bcOk,R and I Instrument and Gear Co. (AUST),+61 3 9552 6565,http://www.rigear.com.au/,"385-393 Lower Dandenong Rd, Dingley Village VIC 3172, Australia",service,"service,point_of_interest,manufacturer,establishment",3.7,3,2026-03-10 02:14:23.013374
48006132458,Australian Precision Technologies Pty Ltd,Manufacturing,Australian Private Company,Active,SEMMA,VIC,3806,2000-03-01 00:00:00,26,true,2000-07-01 00:00:00,true,006132458,AUSTRALIAN PRECISION TECHNOLOGIES PTY. LTD.,"","","",https://semma.com.au/directory/page/2/,places/ChIJ9UfmiyEa1moRLoamDO8g8ZU,Australian Precision Technologies PTY Ltd.,+61 3 9768 9400,http://www.aptengineering.com/,"26/28 Intrepid St, Berwick VIC 3806, Australia",manufacturer,"manufacturer,point_of_interest,service,establishment",5.0,2,2026-03-10 02:14:48.984259
90003015745,SOFTWARE ASSOCIATES PTY. LIMITED,"",Australian Private Company,Active,ABR-Search,NSW,2077,2000-03-01 00:00:00,26,true,2000-07-01 00:00:00,true,003015745,SOFTWARE ASSOCIATES PTY. LIMITED,"","","","",places/ChIJ9YxrBjNZpjsRxkGUyS6cyp0,Software Associates Information Technologies P.Ltd,+91 98473 80825,https://www.softwareassociates.co.in/,"Mascot, Zilla Bungalow Road, Kannur Road, Vellayil, Kozhikode, Kerala 673011, India",consultant,"consultant,point_of_interest,service,establishment",4.4,70,2026-03-10 02:16:48.145611
78005949182,AUTO LOGIC PTY. LTD.,"",Australian Private Company,Active,ABR-Search,VIC,3192,2000-03-01 00:00:00,26,true,2000-07-01 00:00:00,true,005949182,AUTO LOGIC PTY. LTD.,"","","","",places/ChIJl2Ml062F1moRmCtcxyQGIso,A-One Auto Logics PTY LTD,+61 3 9742 6087,"","41 Russell St, Werribee VIC 3030, Australia",car_repair,"car_repair,point_of_interest,service,establishment",5.0,6,2026-03-10 02:29:09.282493
21080195535,Adam Wadley - realestate.com.au Home Loans,General,Australian Private Company,Active,HobsonsBay,VIC,3121,2000-03-01 00:00:00,26,true,2000-07-01 00:00:00,true,080195535,REALESTATE.COM.AU PTY LIMITED,"","","",https://www.hobsonsbaybusiness.com.au/Business-Directory-Menu,places/ChIJW8yf761E1moR6aMRiSBjIw8,Australian Real Estate Home Loans Pty Ltd,+61 3 9325 4255,http://arehl.com.au/,"6/240 Sydney Rd, Coburg VIC 3058, Australia",finance,"finance,point_of_interest,establishment",5.0,3,2026-03-10 02:29:41.753665
50006867607,Exquisine,Manufacturing,Australian Private Company,Active,NorthLink-FoodMfg,VIC,3071,2000-03-02 00:00:00,26,true,2000-07-01 00:00:00,true,006867607,EXQUISINE PTY. LTD.,"","",http://exquisine.com.au/,https://northlink.org.au/melbournes-north-food-group/manufacturer-directory/,places/ChIJcZXgZKJE1moRTe0T0vzQK1k,Exquisine Desserts,+61 3 9484 6333,https://exquisine.com.au/,"69 Newman St, Thornbury VIC 3071, Australia",food,"food,wholesaler,supplier,manufacturer,point_of_interest,establishment",4.5,4,2026-03-10 02:05:47.825428
76005771399,Lepol Metal Work,Manufacturing,Australian Private Company,Active,SEMMA,VIC,3195,2000-03-03 00:00:00,26,true,2000-07-01 00:00:00,true,005771399,LEPOL METAL WORK PTY. LTD.,"","","",https://semma.com.au/directory/page/3/,places/ChIJsd1ZrQ1s1moRJZ0bAL5Ufj0,Lepol Metal Work,+61 3 9555 6112,http://lepolmetal.com.au/,"53-55 De Havilland Rd, Mordialloc VIC 3195, Australia",manufacturer,"point_of_interest,manufacturer,establishment",4.4,14,2026-03-10 02:16:04.593513
20004703002,FL Smidth Abon Pty Ltd,Manufacturing,Australian Private Company,Active,AMTIL,VIC,4008,2000-03-04 00:00:00,26,true,2000-07-01 00:00:00,true,004703002,FLSMIDTH ABON PTY LTD,"","","",https://amtil.com.au/directory/,places/ChIJp_fPCOxb1moRFgROm9Vu-jI,FLSmidth Pty Ltd (ABON),+61 3 9340 0000,http://www.fls.com/,"15-19 Marshall Road 24-28 Marshall Road, 2 Parer Rd, Airport West VIC 3042, Australia",manufacturer,"manufacturer,point_of_interest,establishment",5.0,1,2026-03-10 02:09:29.201068
66004442442,Moss Products Pty Ltd,Manufacturing,Australian Private Company,Active,AMTIL,VIC,3175,2000-03-04 00:00:00,26,true,2000-07-01 00:00:00,true,004442442,MOSS PRODUCTS PROPRIETARY LIMITED,"","","",https://amtil.com.au/directory/,places/ChIJTbZpXGBr1moRjUwAiuQpC_A,Moss Industrial,+61 3 8792 0400,http://mossindustrial.com.au/,"26 Villas Rd, Dandenong South VIC 3175, Australia",manufacturer,"manufacturer,point_of_interest,establishment",4.0,1,2026-03-10 02:11:10.403304
39002367106,Superior Saws Pty Ltd,Manufacturing,Australian Private Company,Active,AMTIL,NSW,2164,2000-03-04 00:00:00,26,true,2000-07-01 00:00:00,true,002367106,SUPERIOR SAWS PTY LTD,"","","",https://amtil.com.au/directory/,places/ChIJ-6p3ar6XEmsRltWnXh1RiuI,Superior Saws - Smithfield,+61 2 8787 6900,http://www.superiorsaws.com.au/,"138 Gipps Rd, Smithfield NSW 2164, Australia",building_materials_store,"building_materials_store,supplier,store,manufacturer,service,point_of_interest,establishment",4.6,18,2026-03-10 02:12:29.870271
71052989107,Extel Technologies Pty Ltd,Manufacturing,Australian Private Company,Active,SEMMA,VIC,3149,2000-03-04 00:00:00,26,true,2000-07-01 00:00:00,true,052989107,EXTEL TECHNOLOGIES PTY LTD,"","","",https://semma.com.au/directory/page/2/,places/ChIJp2K1h1IV1moR5jSFnM7fiqs,Extel Technologies,+61 3 8542 9200,http://www.exteltechnologies.com/,"399 Ferntree Gully Rd, Mount Waverley VIC 3149, Australia",manufacturer,"manufacturer,point_of_interest,establishment",4.2,5,2026-03-10 02:14:38.017392
39006418300,Corex Plastics Australia Pty Ltd,Manufacturing,Australian Private Company,Active,SEMMA,VIC,3175,2000-03-04 00:00:00,26,true,2000-07-01 00:00:00,true,006418300,COREX PLASTICS (AUSTRALIA) PTY. LTD.,"","","",https://semma.com.au/directory/page/2/,places/ChIJGaJ5o80T1moR_IqewQtBPZM,Corex,+61 3 9238 1300,http://www.corex.com.au/,"261 Frankston - Dandenong Rd, Dandenong South VIC 3175, Australia",manufacturer,"manufacturer,point_of_interest,establishment",4.5,4,2026-03-10 02:15:05.062496
47082164314,Refined Tooling,Manufacturing,Australian Private Company,Active,SEMMA,VIC,3201,2000-03-04 00:00:00,26,true,2000-07-01 00:00:00,true,082164314,REFINED INDUSTRIES PTY LTD,"","","",https://semma.com.au/directory/page/2/,places/ChIJZ1NpBewM1moR34xXJhffrJM,Refined Tooling,+61 3 9775 0239,https://www.refinedtooling.com.au/,"40 Aster Ave, Carrum Downs VIC 3201, Australia",manufacturer,"manufacturer,point_of_interest,establishment",5.0,3,2026-03-10 02:15:37.196808
12004175731,Sutton Tools,Manufacturing,Australian Private Company,Active,NorthLink-MfgPartner,VIC,3074,2000-03-06 00:00:00,26,true,2000-07-01 00:00:00,true,004175731,SUTTON TOOLS PROPRIETARY LIMITED,"","",https://suttontools.com/,https://northlink.org.au/melbournes-north-advanced-manufacturing-group/partner-directory/,places/ChIJRcX0MXBP1moRag9hObHrGw4,Sutton Tools Pty Ltd,+61 3 9280 0800,http://www.suttontools.com/,"378 Settlement Rd, Thomastown VIC 3074, Australia",manufacturer,"point_of_interest,manufacturer,establishment",4.0,22,2026-03-10 02:07:02.836949
48007314632,ABSS,Manufacturing,Australian Private Company,Active,AMTIL,VIC,3033,2000-03-06 00:00:00,26,true,2000-07-01 00:00:00,true,007314632,ABRASIVE BLASTING SERVICE & SUPPLIES PTY. LTD.,"","","",https://amtil.com.au/directory/,places/ChIJz6eabbpe1moRDKLfWd9UfQk,ABSS,+61 1300 727 240,http://abss.net.au/,"18 Beckett Ave, Keilor East VIC 3033, Australia",manufacturer,"manufacturer,supplier,point_of_interest,service,establishment",5.0,9,2026-03-10 02:07:16.276701
14083762387,Amada Oceania Pty Ltd,Manufacturing,Australian Private Company,Active,AMTIL,NSW,2153,2000-03-07 00:00:00,26,true,2000-07-01 00:00:00,true,083762387,AMADA OCEANIA PTY LTD,"","","",https://amtil.com.au/directory/,places/ChIJI99uAuuhEmsRNxipPlsAM94,Amada Oceania Pty Ltd,+61 2 8887 1100,http://www.amada.com.au/,"Unit 7/16 Lexington Dr, Bella Vista NSW 2153, Australia",manufacturer,"manufacturer,point_of_interest,establishment",0.0,0,2026-03-10 02:07:36.039924
65009205243,SIMULATION MODELLING SERVICES PTY. LTD.,"",Australian Private Company,Active,ABR-Search,NSW,2302,2000-03-07 00:00:00,26,true,2000-07-01 00:00:00,true,009205243,SIMULATION MODELLING SERVICES PTY. LTD.,"","","","","","","","","","","",0.0,0,2026-03-10 02:24:01.498457
13007020439,Camplex Pty Ltd,Manufacturing,Australian Private Company,Active,AMTIL,VIC,3121,2000-03-08 00:00:00,26,true,2000-07-01 00:00:00,true,007020439,CAMPLEX PTY. LTD.,"","","",https://amtil.com.au/directory/,places/ChIJuR126yZo1moRkOmfjTQh7zs,Camplex Pty Ltd,+61 419 573 873,http://www.camplex.com.au/,"216/1 Westley Ave, Ivanhoe VIC 3079, Australia",manufacturer,"manufacturer,point_of_interest,service,establishment",0.0,0,2026-03-10 02:08:33.573478
58003931744,Fantid Pty Ltd (Hasmot),Manufacturing,Australian Private Company,Active,AMTIL,NSW,2481,2000-03-08 00:00:00,26,true,2000-07-01 00:00:00,true,003931744,FINTIDE PTY. LIMITED,"","","",https://amtil.com.au/directory/,places/ChIJ5bkQ-Dy5EmsRKLc2oLk-tLE,Hasmotek International,+61 2 9533 2722,https://www.hasmot.com/,"99-105 Boundary Rd, Peakhurst NSW 2210, Australia",auto_parts_store,"auto_parts_store,car_repair,point_of_interest,service,store,establishment",4.8,4,2026-03-10 02:09:22.326591
40005377588,SYSTOM PTY. LIMITED,"",Australian Private Company,Active,ABR-Search,VIC,3444,2000-03-08 00:00:00,26,true,2000-07-01 00:00:00,true,005377588,SYSTOM PTY. LIMITED,"","","","",places/ChIJB17uODto1moRc2EANeleyVs,System Sound Pty Ltd,+61 3 9645 2600,http://www.systemsound.com.au/,"5 Westside Ave, Port Melbourne VIC 3207, Australia",consultant,"consultant,service,point_of_interest,establishment",4.9,12,2026-03-10 02:24:53.26884
74053177898,Consep Pty Ltd,Manufacturing,Australian Private Company,Active,AMTIL,NSW,2164,2000-03-09 00:00:00,26,true,2000-07-01 00:00:00,true,053177898,CONSEP PTY. LIMITED,"","","",https://amtil.com.au/directory/,places/ChIJnXhFReCWEmsRaPvsQT_eHGM,Consep Pty Ltd,+61 2 9756 5299,http://www.consep.com.au/,"59 Newton Rd, Wetherill Park NSW 2164, Australia",consultant,"consultant,manufacturer,point_of_interest,service,establishment",5.0,8,2026-03-10 02:08:49.067159
79006171035,Infinitev,Manufacturing,Australian Private Company,Active,AMTIL,VIC,3173,2000-03-09 00:00:00,26,true,2000-07-01 00:00:00,true,006171035,INNOVATIVE MECHATRONICS GROUP PTY LTD,"","","",https://amtil.com.au/directory/,places/ChIJ0U5WriwR1moRZc3g0DYXRcQ,Injectronics Australia Pty,+61 1300 308 060,http://www.injectronics.com.au/,"29 Bass Ct, Keysborough VIC 3173, Australia",car_repair,"car_repair,point_of_interest,service,establishment",3.8,86,2026-03-12 21:29:44.519544
63004939860,MFB Products Pty Ltd,Manufacturing,Australian Private Company,Active,AMTIL,VIC,3180,2000-03-09 00:00:00,26,true,2000-07-01 00:00:00,true,004939860,M.F.B. PRODUCTS PTY. LTD.,"","","",https://amtil.com.au/directory/,places/ChIJYea8CWs81moREmcgC6iLNf4,MFB Products,+61 3 9801 1044,http://www.mfb.com.au/,"105 Lewis Rd, Knoxfield VIC 3180, Australia",manufacturer,"manufacturer,general_contractor,point_of_interest,service,establishment",0.0,0,2026-03-10 02:11:04.169633
23006903493,Electrolink,Manufacturing,Australian Private Company,Active,SEMMA,VIC,3175,2000-03-09 00:00:00,26,true,2000-07-01 00:00:00,true,006903493,ELECTROLINK PTY. LIMITED,"","","",https://semma.com.au/directory/,places/ChIJIa7H6VER1moR36tQnziW6-E,ELECTROLINK PTY LTD,+61 3 9706 9080,"","34-38 Progress St, Dandenong South VIC 3175, Australia",manufacturer,"manufacturer,point_of_interest,establishment",5.0,1,2026-03-10 02:13:06.878145
34004320361,Maton Guitars Pty Ltd,Manufacturing,Australian Private Company,Active,AMTIL,VIC,3128,2000-03-10 00:00:00,25,true,2000-07-01 00:00:00,true,004320361,MATON PROPRIETARY LIMITED,"","","",https://amtil.com.au/directory/,places/ChIJ24S2555A1moRuvjw4wOtDqQ,Maton Guitars,+61 3 9896 9500,http://www.maton.com.au/,"6 Clarice Rd, Box Hill South VIC 3128, Australia",manufacturer,"manufacturer,point_of_interest,service,store,establishment",4.7,29,2026-03-10 02:10:57.101979
51005421670,Bainbridge Engineering Vic Pty Ltd,Manufacturing,Australian Private Company,Active,SEMMA,VIC,3175,2000-03-10 00:00:00,25,true,2000-07-01 00:00:00,true,005421670,BAINBRIDGE ENGINEERING VIC. PTY. LTD.,"","","",https://semma.com.au/directory/page/2/,places/ChIJ-0CFKXER1moRxtY-DlHvAIU,Bainbridge Engineering Vic PTY Ltd.,+61 3 9799 9700,http://bainbridgeeng.com.au/?page_id=22,"16 Gaine Rd, Dandenong South VIC 3175, Australia",manufacturer,"manufacturer,point_of_interest,establishment",5.0,6,2026-03-10 02:14:47.020776
14003491727,4CONTROL AUTOMATION,"",Australian Private Company,Active,ABR-Search,NSW,2333,2000-03-10 00:00:00,25,true,2019-10-01 00:00:00,true,003491727,ADDING VALUE TO BUSINESS PTY LTD,"","","","",places/ChIJfTCq4jKQOk4RqKUptJlTQfQ,ControlforYou | Smart Home Automation,+61 420 409 200,https://www.control4you.com.au/,"1109/1 Brushbox St, Sydney Olympic Park NSW 2127, Australia",electrician,"electrician,electronics_store,consultant,manufacturer,point_of_interest,service,store,establishment",5.0,5,2026-03-10 02:19:55.028851
38073980999,Colterlec,Manufacturing,Australian Private Company,Active,AMTIL,NSW,2304,2000-03-12 00:00:00,25,true,2000-07-01 00:00:00,true,073980999,COLTERLEC PTY LIMITED,"","","",https://amtil.com.au/directory/,places/ChIJHfw0JG8Vc2sR7j2HQhI-iL0,Colterlec,+61 1300 362 626,https://www.colterlec.com.au/,"8 Rosegum Rd, Warabrook NSW 2304, Australia",point_of_interest,"point_of_interest,establishment",3.8,6,2026-03-10 02:08:45.121077
28003337442,Seco Tools Australia Pty Ltd,Manufacturing,Australian Private Company,Active,AMTIL,NSW,2148,2000-03-12 00:00:00,25,true,2000-07-01 00:00:00,true,003337442,SECO TOOLS AUSTRALIA PTY LIMITED,"","","",https://amtil.com.au/directory/,places/ChIJDXVZh-aZEmsRWuyUV0kc7q0,Seco Tools Australia Pty Ltd.,+61 1300 557 326,https://www.secotools.com/,"53/5-7 Inglewood Pl, Baulkham Hills NSW 2153, Australia",manufacturer,"manufacturer,point_of_interest,establishment",0.0,0,2026-03-10 02:12:11.09178
58001215792,Mitsubishi Electric Australia Pty Ltd,Manufacturing,Australian Private Company,Active,AMTIL,NSW,2116,2000-03-13 00:00:00,25,true,2000-07-01 00:00:00,true,001215792,MITSUBISHI ELECTRIC AUSTRALIA PTY LTD,"","","",https://amtil.com.au/directory/,places/ChIJd2VDsHujEmsREU0RAcMdmfc,Mitsubishi Electric Australia,+61 2 9684 7777,https://www.mitsubishielectric.com.au/?utm_source=google&utm_medium=organic&utm_campaign=gbp-listing&utm_content=NSW,"29 Baywater Dr, Wentworth Point NSW 2127, Australia",general_contractor,"general_contractor,supplier,manufacturer,point_of_interest,service,store,establishment",3.3,15,2026-03-10 02:11:06.22205
54002699354,Defence Directory,Manufacturing,Australian Private Company,Active,SEMMA,VIC,2010,2000-03-13 00:00:00,25,true,2000-07-01 00:00:00,true,002699354,YAFFA MEDIA PTY LTD,"","","",https://semma.com.au/directory/page/3/,places/ChIJnetoXU5d1moRfelznEUVpAw,Defence Plaza Melbourne,+61 1300 333 362,http://www.defence.gov.au/bases,"661 Bourke St, Melbourne VIC 3000, Australia",government_office,"government_office,service,point_of_interest,establishment",4.8,6,2026-03-10 02:16:29.666529
81002966770,Solace Projects,General,Australian Private Company,Active,HobsonsBay,NSW,2114,2000-03-15 00:00:00,25,true,2000-07-01 00:00:00,true,002966770,TEILTO PTY LTD,"","","",https://www.hobsonsbaybusiness.com.au/Business-Directory-Menu?dlv_OC%20CL%20Invest%20Business%20Directory%20Listing=(pageindex=22),places/ChIJtxUjtwe4EmsRt_5S2P6F2PU,Soleace Pty Ltd,+61 2 9524 0438,https://soleace.com.au/,"Unit 40 C/1/3 Endeavour Rd, Caringbah NSW 2229, Australia",service,"service,point_of_interest,establishment",5.0,3,2026-03-10 02:33:11.120652
40003587488,Cammthane Pty Ltd,Manufacturing,Australian Private Company,Active,AMTIL,NSW,2527,2000-03-16 00:00:00,25,true,2000-07-01 00:00:00,true,003587488,CAMMTHANE PTY. LIMITED,"","","",https://amtil.com.au/directory/,places/ChIJua42VmYSE2sRfTpCZJtCePM,Cammthane Pty Ltd.,+61 2 4257 3201,https://www.cammthane.com.au/,"18 Rivulet Cres, Albion Park Rail NSW 2527, Australia",manufacturer,"point_of_interest,manufacturer,establishment",5.0,2,2026-03-10 02:08:30.385335
94005178549,Baron Rubber,Manufacturing,Australian Private Company,Active,AMTIL,VIC,3047,2000-03-17 00:00:00,25,true,2000-07-01 00:00:00,true,005178549,BARON RUBBER PROPRIETARY LIMITED,"","","",https://amtil.com.au/directory/,places/ChIJA-s2hbpa1moRmQQhdzm6Vl8,Baron Rubber,+61 3 9357 4767,http://www.baronrubber.com.au/,"11 Northcorp Blvd, Broadmeadows VIC 3047, Australia",manufacturer,"manufacturer,point_of_interest,establishment",0.0,0,2026-03-10 02:08:03.848479
79069417563,Emona Instruments Pty Ltd,Manufacturing,Australian Private Company,Active,AMTIL,VIC,2050,2000-03-17 00:00:00,25,true,2000-07-01 00:00:00,true,069417563,EMONA INSTRUMENTS PTY LIMITED,"","","",https://amtil.com.au/directory/,places/ChIJYY8Fl7lB1moRpFK4bvZbd1g,Emona Instruments,+61 3 9889 0427,http://www.emona.com.au/,"4/1175 Toorak Rd, Camberwell VIC 3124, Australia",consultant,"consultant,supplier,manufacturer,point_of_interest,service,establishment",5.0,3,2026-03-10 02:09:14.910865
23000973035,Tycab Australia Pty Ltd,Manufacturing,Australian Private Company,Active,SEMMA,VIC,2575,2000-03-17 00:00:00,25,true,2000-07-01 00:00:00,true,000973035,TYREE PROPERTIES PTY LTD,"","","",https://semma.com.au/directory/,places/ChIJkzUgEs0T1moRza3iygDP7bo,Tyree Cable,+61 3 8791 0300,https://tyreecable.com.au/,"269 Frankston - Dandenong Rd, Dandenong South VIC 3175, Australia",manufacturer,"manufacturer,point_of_interest,establishment",5.0,1,2026-03-10 02:14:11.941093
93082130916,Value Added Personnel Pty Ltd,Manufacturing,Australian Private Company,Active,SEMMA,VIC,3175,2000-03-17 00:00:00,25,true,2000-07-01 00:00:00,true,082130916,VALUE ADDED PERSONNEL PTY LTD,"","","",https://semma.com.au/directory/page/2/,places/ChIJc_0V1g4U1moR55QVK9NKbHE,Value Added Personnel,+61 3 9793 3425,https://vap.net.au/,"1/309-315 Thomas St, Dandenong VIC 3175, Australia",employment_agency,"employment_agency,point_of_interest,service,establishment",4.7,12,2026-03-10 02:15:44.466575
98067441669,SOFTWARE BY DESIGN AUST. PTY. LTD.,"",Australian Private Company,Active,ABR-Search,VIC,3192,2000-03-17 00:00:00,25,true,2000-07-01 00:00:00,true,067441669,SOFTWARE BY DESIGN AUST. PTY. LTD.,"","","","",places/ChIJsUlxktBr1moRMGW7qmwaetE,Design Shore Technologies Australia Pty Ltd,+61 3 9005 5998,https://www.designshore.com.au/,"2/11 Yarram Cres, Clayton VIC 3168, Australia",service,"point_of_interest,service,establishment",4.8,79,2026-03-10 02:18:34.668181
55006919400,Lake Engineering Pty Ltd,Manufacturing,Australian Private Company,Active,SEMMA,VIC,3175,2000-03-18 00:00:00,25,true,2000-07-01 00:00:00,true,006919400,LAKE ENGINEERING PTY. LTD.,"","","",https://semma.com.au/directory/page/2/,places/ChIJx6g5-dYT1moR4Fs9o1Ka3sw,Lake Engineering,+61 3 9791 5440,http://www.lakeengineering.com.au/,"6/15-17 Monterey Rd, Dandenong South VIC 3175, Australia",manufacturer,"manufacturer,service,point_of_interest,establishment",5.0,2,2026-03-10 02:15:11.867296
38000289958,Hobson Engineering Co Pty Ltd,Manufacturing,Australian Private Company,Active,AMTIL,NSW,2766,2000-03-20 00:00:00,25,true,2000-07-01 00:00:00,true,000289958,HOBSON ENGINEERING CO PTY LTD,"","","",https://amtil.com.au/directory/,places/ChIJserRdbeQEmsRnuYeRFfkN0s,Hobson Engineering,+61 2 8818 0222,http://www.hobson.com.au/,"10 Clay Pl, Eastern Creek NSW 2766, Australia",manufacturer,"manufacturer,wholesaler,point_of_interest,establishment",3.4,5,2026-03-10 02:09:59.137306
76081598772,Robotic Automation,Manufacturing,Australian Private Company,Active,AMTIL,NSW,2761,2000-03-21 00:00:00,25,true,2000-07-01 00:00:00,true,081598772,ROBOTIC AUTOMATION PTY LIMITED,"","","",https://amtil.com.au/directory/,places/ChIJXV3aEKSkEmsRotdtQWjsAlc,Robotic Automation P/L,+61 2 8748 6500,https://www.roboticautomation.com.au/,"66A Glendenning Rd, Glendenning NSW 2761, Australia",supplier,"supplier,manufacturer,point_of_interest,service,establishment",5.0,2,2026-03-10 02:12:02.989891
81000215092,Alstom Group,Manufacturing,Australian Private Company,Active,SEMMA,VIC,2150,2000-03-21 00:00:00,25,true,2000-07-01 00:00:00,true,000215092,GE POWER NZ HOLDINGS PTY LTD,"","","",https://semma.com.au/directory/page/2/,places/ChIJZ5U-jgmmEmsR_IzKgKCXQAY,Alstom Transport,+61 3 9612 5400,http://www.alstom.com/australia/,"15 William St, Melbourne VIC 3000, Australia",supplier,"supplier,manufacturer,point_of_interest,service,establishment",5.0,5,2026-03-10 02:15:43.636662
80004239696,Parish Engineering Company Pty Ltd,Manufacturing,Australian Private Company,Active,"AMTIL,SEMMA",VIC,3189,2000-03-22 00:00:00,25,true,2000-07-01 00:00:00,true,004239696,PARISH ENGINEERING COMPANY PROPRIETARY LIMITED,"","","",https://amtil.com.au/directory/,places/ChIJgy_cdQts1moRcT6nRmHYBJ4,"Parish Engineering - Precision CNC Turning, Milling & Machining Services in Melbourne",+61 3 9555 3377,https://www.parishengineering.com.au/,"50 Levanswell Rd, Moorabbin VIC 3189, Australia",manufacturer,"point_of_interest,manufacturer,establishment",5.0,1,2026-03-10 02:16:02.918925
14067969466,Dormakaba Australia Pty Ltd,Manufacturing,Australian Private Company,Active,SEMMA,VIC,3803,2000-03-22 00:00:00,25,true,2000-07-01 00:00:00,true,067969466,DORMAKABA AUSTRALIA PTY LTD,"","","",https://semma.com.au/directory/page/2/,places/ChIJJSxpt1sVc2sRihbJa8lgZd4,dormakaba National Office,+61 1800 675 411,https://www.dormakaba.com/au-en,"12-13 Dansu Ct, Hallam VIC 3803, Australia",supplier,"supplier,manufacturer,point_of_interest,service,establishment",3.3,23,2026-03-10 02:15:02.781476
52003191302,TELEMETRICS PTY LTD,"",Australian Private Company,Active,ABR-Search,NSW,2061,2000-03-22 00:00:00,25,true,2000-07-01 00:00:00,true,003191302,TELEMETRICS PTY LTD,"","","","",places/ChIJG3wnyOZXDWsR3nzxEBYy198,Telemetrics Pty Limited,+61 2 8212 5455,http://telemetrics.com.au/,"31 Waipori St, St Ives NSW 2075, Australia",point_of_interest,"point_of_interest,establishment",0.0,0,2026-03-10 02:18:58.059718
94001831554,AUTOMATION CONSULTANTS AUSTRALIA PTY LTD,"",Australian Private Company,Active,ABR-Search,NSW,2067,2000-03-22 00:00:00,25,true,2000-07-01 00:00:00,true,001831554,AUTOMATION CONSULTANTS AUSTRALIA PTY LTD,"","","","",places/ChIJg_0VtzOlEmsRgTWQtiX1sog,Automation Consulting Pty Ltd,+61 2 8035 3424,https://www.automationconsulting.com.au/,"Level 57/25 Martin Pl, Sydney NSW 2000, Australia",consultant,"consultant,service,point_of_interest,establishment",5.0,14,2026-03-10 02:20:47.685608
34004982601,Roof Service Company Pty Ltd,General,Australian Private Company,Active,HobsonsBay,VIC,3016,2000-03-22 00:00:00,25,true,2000-07-01 00:00:00,true,004982601,ROOF SERVICE COMPANY PTY. LTD.,"","","",https://www.hobsonsbaybusiness.com.au/Business-Directory-Menu?dlv_OC%20CL%20Invest%20Business%20Directory%20Listing=(pageindex=20),places/ChIJAcu3wDlh1moRcT61VGLIrpw,Roof Service Co PTY Ltd.,+61 3 9397 2055,http://www.roofservicecompany.com/,"52 Macaulay St, Williamstown North VIC 3016, Australia",roofing_contractor,"roofing_contractor,point_of_interest,service,establishment",5.0,3,2026-03-10 02:32:52.843015
13077637104,Advatek Pty Ltd,Manufacturing,Australian Private Company,Active,AMTIL,VIC,3153,2000-03-23 00:00:00,25,true,2000-07-01 00:00:00,true,077637104,ADVATEK PTY LTD,"","","",https://amtil.com.au/directory/,places/ChIJlyvV0zow1moR-rtG6HrKmzU,Advatek Lighting,+61 3 8400 4566,https://www.advateklighting.com/,"Unit 1, 3/5 Gilda Ct, Mulgrave VIC 3170, Australia",manufacturer,"manufacturer,point_of_interest,establishment",5.0,5,2026-03-10 02:07:25.314108
14006988530,Jenera,Manufacturing,Australian Private Company,Active,AMTIL,VIC,3153,2000-03-23 00:00:00,25,true,2000-07-01 00:00:00,true,006988530,JENERA PTY. LTD.,"","","",https://amtil.com.au/directory/,places/ChIJkw4b1xM71moRyLFzC6UYpWM,Jenera,"","","6 Ramage St, Bayswater VIC 3153, Australia",point_of_interest,"point_of_interest,establishment",0.0,0,2026-03-10 02:10:21.172988
47058026314,Laser 3D,Manufacturing,Australian Private Company,Active,AMTIL,VIC,3173,2000-03-23 00:00:00,25,true,2000-07-01 00:00:00,true,058026314,LASER IMAGING PTY. LTD.,"","","",https://amtil.com.au/directory/,places/ChIJy8GPNmoU1moRw6vrgpV7e3k,Laser 3D,+61 3 8710 4100,https://www.laser3d.com.au/,"25-29 Arctic Ct, Keysborough VIC 3173, Australia",manufacturer,"manufacturer,point_of_interest,establishment",4.4,11,2026-03-10 02:10:37.313535
90005356230,G.T & J.A Jones Engineering Pty Ltd,Manufacturing,Australian Private Company,Active,SEMMA,VIC,3175,2000-03-23 00:00:00,25,true,2000-07-01 00:00:00,true,005356230,G.T. & J.A. JONES (ENGINEERING) PTY. LTD.,"","","",https://semma.com.au/directory/page/3/,places/ChIJ61bSu9kT1moRukPEGmqnZSI,G T & J A Jones Engineering,+61 3 8782 8100,http://www.jonesengineering.com.au/,"Factory 1/75 Zenith Rd, Dandenong South VIC 3164, Australia",consultant,"consultant,service,point_of_interest,manufacturer,establishment",4.0,4,2026-03-10 02:16:39.667927
47005126876,Schmalz Australia,Manufacturing,Australian Private Company,Active,AMTIL,VIC,3153,2000-03-24 00:00:00,25,true,2000-07-01 00:00:00,true,005126876,SCHMALZ AUSTRALIA PTY LTD,"","","",https://amtil.com.au/directory/,places/ChIJE_1Q9AE71moRxOaM0nKIgMw,Schmalz Australia Pty Ltd,+61 3 9215 8800,https://www.schmalz.com/en-au/,"25 Turbo Dr, Bayswater North VIC 3153, Australia",sports_activity_location,"sports_activity_location,supplier,manufacturer,point_of_interest,service,store,establishment",4.7,11,2026-03-10 02:12:10.198775
53053413817,Techni Waterjet Pty Ltd,Manufacturing,Australian Private Company,Active,AMTIL,VIC,3124,2000-03-24 00:00:00,25,true,2000-07-01 00:00:00,true,053413817,TECHNI WATERJET PTY LTD,"","","",https://amtil.com.au/directory/,places/ChIJ38UsZ-ZP1moR823u6XvnkIg,TECHNI Waterjet,+61 3 8359 5100,https://www.techniwaterjet.com/,"47 Barry Rd, Campbellfield VIC 3061, Australia",supplier,"supplier,manufacturer,point_of_interest,service,store,establishment",5.0,4,2026-03-10 02:12:35.966225
60004546543,AutoPacific Group,Manufacturing,Australian Private Company,Active,SEMMA,VIC,3173,2000-03-24 00:00:00,25,true,2000-07-01 00:00:00,true,004546543,AUTOPACIFIC AUSTRALIA PTY LTD,"","","",https://semma.com.au/directory/page/2/,places/ChIJZWh_daoT1moRyg7C-o72ftw,AutoPacific Group,+61 3 9701 9500,https://autopacificgroup.com/,"49-75 Pacific Dr, Keysborough VIC 3173, Australia",manufacturer,"manufacturer,point_of_interest,establishment",3.0,9,2026-03-10 02:15:19.237899
50004983984,Propharma Australia Pty Ltd,Manufacturing,Australian Private Company,Active,SEMMA,VIC,3175,2000-03-24 00:00:00,25,true,2000-07-01 00:00:00,true,004983984,PROPHARMA AUSTRALIA PTY. LTD.,"","","",https://semma.com.au/directory/page/2/,places/ChIJVVUlL0lC1moR5KAwJBecnnM,ProPharma Group,+61 3 8814 7900,https://www.propharmagroup.com/,"Suite 6, Ground Level/452 Johnston St, Abbotsford VIC 3067, Australia",consultant,"consultant,service,point_of_interest,establishment",0.0,0,2026-03-10 02:15:38.78306
28007143259,VGL Allied Connectors,Manufacturing,Australian Private Company,Active,SEMMA,VIC,3173,2000-03-24 00:00:00,25,true,2000-07-01 00:00:00,true,007143259,V.G.L. IMPEX PTY. LTD.,"","","",https://semma.com.au/directory/page/2/,places/ChIJfciEGfQT1moRVILktFUmRgI,VGL - ALLIED CONNECTORS,+61 1300 793 466,http://www.alliedconnectors.com/,"192/196 Atlantic Dr, Keysborough VIC 3173, Australia",wholesaler,"wholesaler,point_of_interest,service,store,establishment",4.0,5,2026-03-10 02:15:47.726076
76004871489,Flowline Industries Pty Ltd,Manufacturing,Australian Private Company,Active,SEMMA,VIC,3201,2000-03-24 00:00:00,25,true,2000-07-01 00:00:00,true,004871489,FLOWLINE INDUSTRIES PTY. LTD.,"","","",https://semma.com.au/directory/page/2/,places/ChIJW8RBCOA91moRCBGe6jIZuWg,Flowline Industries,+61 3 9775 1839,http://www.flowlineind.com.au/,"9/11 Sahra Grove, Carrum Downs VIC 3201, Australia",point_of_interest,"point_of_interest,establishment",5.0,2,2026-03-10 02:15:49.556891
81066744572,IMTS Machinery,Manufacturing,Australian Private Company,Active,AMTIL,VIC,3008,2000-03-27 00:00:00,25,true,2000-07-01 00:00:00,true,066744572,PETER TUCKER & ASSOCIATES PTY LTD,"","","",https://amtil.com.au/directory/,places/ChIJ0xsHq1Bg1moRgScO_1wr8-c,IMTS Machinery,+61 3 9314 9888,http://www.imts.com.au/,"Unit 12/21 Sabre Dr, Port Melbourne VIC 3207, Australia",supplier,"supplier,manufacturer,point_of_interest,establishment",5.0,1,2026-03-10 02:10:06.656848
21002480873,SOFTWARE INTEGRATORS PTY LTD,"",Australian Private Company,Active,ABR-Search,NSW,2000,2000-03-27 00:00:00,25,true,2000-07-01 00:00:00,true,002480873,SOFTWARE INTEGRATORS PTY LTD,"","","","",places/ChIJWVjXlheuEmsRKGXuUe5vvIg,Software Integrators,+61 2 9267 5556,http://www.softint.com.au/,"level 3/333 Kent St, Sydney NSW 2000, Australia",point_of_interest,"point_of_interest,establishment",5.0,1,2026-03-10 02:17:08.678344
71080736456,ASHT Pty Ltd,Education/Training,Australian Private Company,Active,RTO,SA,5000,2000-03-28 00:00:00,25,true,2000-07-01 00:00:00,true,080736456,ASHT PTY LTD,"","","",https://training.gov.au/organisation/details/0137,places/ChIJN2ha1tbOsGoRlyBL_dMk96E,Alliance College | Adelaide Main Campus,+61 1300 665 065,https://alliancecollege.edu.au/,"2/97 Pirie St, Adelaide SA 5000, Australia",university,"university,school,educational_institution,point_of_interest,establishment",4.6,84,2026-03-10 02:04:58.224477
54050998493,The Suzan Johnston Organization (Aust) Pty Ltd,Education/Training,Australian Private Company,Active,RTO,VIC,3000,2000-03-28 00:00:00,25,true,2000-07-01 00:00:00,true,050998493,THE SUZAN JOHNSTON ORGANIZATION (AUST.) PTY. LTD.,"","","",https://training.gov.au/organisation/details/0170,places/ChIJ8TrsBcpC1moR3Z_S_JcKz78,Suzan Johnston Training Organization,+61 3 9654 0999,https://www.sj.vic.edu.au/,"Head Office by appointment only, Level 22/120 Spencer St, Melbourne VIC 3000, Australia",point_of_interest,"point_of_interest,establishment",4.9,108,2026-03-10 02:05:00.807189
83005063847,Acra Machinery Pty Ltd,Manufacturing,Australian Private Company,Active,AMTIL,VIC,3175,2000-03-28 00:00:00,25,true,2000-07-01 00:00:00,true,005063847,ACRA HOLDINGS PTY LTD,"","","",https://amtil.com.au/directory/,places/ChIJHaIp_lkR1moRi91SlKf9tjw,Acra Machinery Pty Ltd.,+61 3 9794 6675,https://www.acra.com.au/,"20 Fowler Rd, Dandenong South VIC 3175, Australia",point_of_interest,"point_of_interest,establishment",4.0,1,2026-03-10 02:07:21.217489
48083423938,IFM Efector,Manufacturing,Australian Private Company,Active,AMTIL,VIC,3170,2000-03-28 00:00:00,25,true,2000-07-01 00:00:00,true,083423938,IFM EFECTOR PTY LTD,"","","",https://amtil.com.au/directory/,places/ChIJdSsNYz4V1moRjFrdZvRAqHw,ifm efector,+61 1300 365 088,https://www.ifm.com/au/en,"Suite 3/745 Springvale Rd, Mulgrave VIC 3170, Australia",manufacturer,"manufacturer,point_of_interest,establishment",4.1,14,2026-03-10 02:10:03.256501
58006182798,Panelprint Pty Ltd,Manufacturing,Australian Private Company,Active,AMTIL,VIC,3153,2000-03-28 00:00:00,25,true,2000-07-01 00:00:00,true,006182798,PANELPRINT PTY. LTD.,"","","",https://amtil.com.au/directory/,places/ChIJSc8f8u071moRJvfbLdXQrds,Panelprint,+61 3 9729 4994,https://www.panelprint.com.au/,"Unit 1/25 Havelock Rd, Bayswater VIC 3153, Australia",point_of_interest,"point_of_interest,establishment",4.5,13,2026-03-10 02:11:33.065445
67079682661,DECISION MODELLING GROUP PTY LIMITED,"",Australian Private Company,Active,ABR-Search,NSW,2132,2000-03-28 00:00:00,25,true,2000-07-01 00:00:00,true,079682661,DECISION MODELLING GROUP PTY LIMITED,"","","","",places/ChIJ__-v8UGuEmsRlvvvCja5g4g,DECISION INC.,+61 2 9135 2968,https://decisioninc.com/en-au/,"3 Spring St, Sydney NSW 2000, Australia",consultant,"consultant,service,point_of_interest,establishment",4.9,7,2026-03-10 02:23:33.143292
68003337611,ABB Australia Pty Ltd,Manufacturing,Australian Private Company,Active,AMTIL,VIC,2170,2000-03-30 00:00:00,25,true,2000-07-01 00:00:00,true,003337611,ABB AUSTRALIA PTY LIMITED,"","","",https://amtil.com.au/directory/,places/ChIJC1CEM0wV1moR9rAT42hToJw,ABB Australia,+61 1800 222 435,https://global.abb/group/en,"597 Blackburn Rd, Notting Hill VIC 3168, Australia",consultant,"consultant,service,point_of_interest,establishment",4.2,35,2026-03-10 02:07:13.392517
83069941662,Romheld Automation Pty Ltd,Manufacturing,Australian Private Company,Active,AMTIL,NSW,2567,2000-03-31 00:00:00,25,true,2000-07-01 00:00:00,true,069941662,ROMHELD AUTOMATION PTY LTD,"","","",https://amtil.com.au/directory/,places/ChIJreAclli9EmsRMndnR8-8oOs,Romheld Automation,+61 2 9721 1799,http://www.romheld.com.au/,"Unit 7/62 Turner Rd, Smeaton Grange NSW 2567, Australia",service,"service,point_of_interest,manufacturer,establishment",0.0,0,2026-03-10 02:12:03.784763
34113676290,PILZ Australia Industrial Automation,Manufacturing,Limited Partnership,Active,SEMMA,VIC,3170,2000-03-31 00:00:00,25,true,2000-07-01 00:00:00,true,"",PILZ AUSTRALIA INDUSTRIAL AUTOMATION LIMITED PARTNERSHIP,"","","",https://semma.com.au/directory/,places/ChIJcZBSCNYU1moRGMr2QIlVUis,Pilz Australia,+61 1300 723 334,http://www.pilz.com/en-AU,"Unit 1/12-14 Miles St, Mulgrave VIC 3170, Australia",service,"service,point_of_interest,manufacturer,establishment",5.0,2,2026-03-10 02:14:25.304837
11066317771,BRILLIANT LOGIC PTY. LIMITED,"",Australian Private Company,Active,ABR-Search,NSW,2250,2000-03-31 00:00:00,25,true,2000-07-01 00:00:00,true,066317771,BRILLIANT LOGIC PTY. LIMITED,"","","","",places/ChIJSXHeDgrJcmsRrDXXoVH9gKM,Brilliant Logic,+61 2 4324 6962,https://brilliantlogic.com.au/,"Suites 1, Unit 3/67 Webb St, East Gosford NSW 2250, Australia",marketing_consultant,"marketing_consultant,consultant,point_of_interest,service,establishment",4.5,8,2026-03-10 02:29:30.137687
36003419789,Mobile Welding Services Pty Ltd,Education/Training,Australian Private Company,Active,RTO,NSW,2765,2000-04-01 00:00:00,25,true,2000-07-01 00:00:00,true,003419789,MOBILE WELDING SERVICES PTY LTD,"","","",https://training.gov.au/organisation/details/0485,places/ChIJZZtnBXDtEmsR6nS6rVEoCY8,Mobile Welding in Sydney | On Site Welder & Fabricator,+61 426 395 860,http://www.mobileweldinginsydney.com.au/,"16 Lincoln St, Minto NSW 2566, Australia",service,"service,point_of_interest,establishment",0.0,0,2026-03-10 02:05:22.943751
92056460845,AXT Pty Ltd,Manufacturing,Australian Private Company,Active,AMTIL,NSW,2102,2000-04-01 00:00:00,25,true,2000-07-01 00:00:00,true,056460845,AXT PTY LTD,"","","",https://amtil.com.au/directory/,places/ChIJpZsiOYRWDWsRO9Aff6a2uNg,AXT,+61 2 9450 1359,https://www.axt.com.au/,"1/3 Vuko Pl, Warriewood NSW 2102, Australia",corporate_office,"corporate_office,point_of_interest,establishment",5.0,2,2026-03-10 02:07:58.536154
85058316902,Epicor,Manufacturing,Australian Private Company,Active,AMTIL,NSW,2060,2000-04-01 00:00:00,25,true,2000-07-01 00:00:00,true,058316902,EPICOR SOFTWARE (AUST) PTY LTD,"","","",https://amtil.com.au/directory/,places/ChIJQ-b5cvKuEmsR6HG8Nlp_YB4,Epicor,"",https://www.epicor.com/en-au/,"Suite 2, Level 14/201 Miller St, North Sydney NSW 2060, Australia",point_of_interest,"point_of_interest,establishment",4.0,1,2026-03-10 02:09:16.492208
36007305231,Invenio Pty Ltd,Manufacturing,Australian Private Company,Active,AMTIL,VIC,3128,2000-04-01 00:00:00,25,true,2000-07-01 00:00:00,true,007305231,INVENIO PTY. LTD.,"","","",https://amtil.com.au/directory/,places/ChIJKzvY-LdA1moR9io3iXJV95w,Invenio Pty. Ltd. (ANZ Head Office),+61 3 9896 8888,http://www.invenio.com.au/,"4/37-41 Prospect St, Box Hill VIC 3128, Australia",employment_agency,"employment_agency,consultant,manufacturer,point_of_interest,service,establishment",4.2,11,2026-03-10 02:10:17.052879
53052214132,Raymax Applications,Manufacturing,Australian Private Company,Active,AMTIL,NSW,2106,2000-04-01 00:00:00,25,true,2000-07-01 00:00:00,true,052214132,RAYMAX APPLICATIONS PTY LIMITED,"","","",https://amtil.com.au/directory/,places/ChIJb3fvGE9TDWsR8summvJHwH0,Raymax Applications,+61 2 9979 7646,http://www.raymax.com.au/,"37/5 Ponderosa Parade, Warriewood NSW 2102, Australia",supplier,"supplier,point_of_interest,manufacturer,establishment",0.0,0,2026-03-10 02:11:56.259515
51057134522,Shisham Stanley Group,Manufacturing,Australian Private Company,Active,AMTIL,VIC,3175,2000-04-01 00:00:00,25,true,2000-07-01 00:00:00,true,057134522,SUPAPRODUCTS PTY LTD,"","","",https://amtil.com.au/directory/,places/ChIJd_XVvXUU1moR83ecm005lcQ,Shisham Stanley Group,+61 3 9791 4622,http://shisham.com.au/,"1 Bennet St, Dandenong VIC 3175, Australia",manufacturer,"manufacturer,building_materials_store,store,service,point_of_interest,establishment",4.3,6,2026-03-10 02:12:15.986103
30080508603,Successful Endeavours Pty Ltd,Manufacturing,Australian Private Company,Active,AMTIL,VIC,3175,2000-04-01 00:00:00,25,true,2000-07-01 00:00:00,true,080508603,SUCCESSFUL ENDEAVOURS PTY LTD,"","","",https://amtil.com.au/directory/,places/ChIJMUv3TI8Z1moR0W5Aa-lp1oU,Successful Endeavours Pty Ltd,+61 3 9796 0365,http://www.successful.com.au/,"Unit 103/80 Monash Dr, Dandenong South VIC 3175, Australia",manufacturer,"manufacturer,service,point_of_interest,establishment",0.0,0,2026-03-10 02:12:26.791144
36006772774,Volgren Australia Pty Ltd,Manufacturing,Australian Private Company,Active,SEMMA,VIC,3175,2000-04-01 00:00:00,25,true,2000-07-01 00:00:00,true,006772774,VOLGREN AUSTRALIA PTY. LIMITED,"","","",https://semma.com.au/directory/,places/ChIJ24pyrsET1moRrIERkav2K5w,Volgren Australia PTY Ltd.,+61 3 9791 4255,http://volgren.com.au/,"221-243 Hammond Rd, Dandenong South VIC 3175, Australia",manufacturer,"manufacturer,point_of_interest,establishment",3.9,9,2026-03-10 02:14:10.016306
42077435155,Total Precision Pty Ltd,Manufacturing,Australian Private Company,Active,SEMMA,VIC,3153,2000-04-01 00:00:00,25,true,2000-07-01 00:00:00,true,077435155,TOTAL PRECISION PTY. LTD.,"","","",https://semma.com.au/directory/page/3/,places/ChIJ2VFldCQ51moR0Qdkgxg-0Lg,Total Precision Pty. Ltd.,+61 3 9874 7811,https://total-precision.com.au/,"10 Kelvin Rd, Bayswater North VIC 3153, Australia",service,"service,point_of_interest,manufacturer,establishment",5.0,9,2026-03-10 02:16:32.986277
76091205211,Integrated Construction Modelling,"",Australian Private Company,Active,ABR-Search,SA,5022,2000-04-01 00:00:00,25,true,2000-07-01 00:00:00,true,091205211,SIMGRA PTY LTD,"","","","",places/ChIJqQQCgVrPsGoR0DHCBO6TGE0,Integrated Construction Modelling,+61 8 8353 5321,https://integratedcm.com.au/,"Unit 19/22 Ware St, Thebarton SA 5031, Australia",service,"point_of_interest,service,establishment",0.0,0,2026-03-10 02:23:45.610429
37005403350,PNOinsurance,Service Provider,Australian Private Company,Active,NorthLink-FoodSvc,VIC,3145,2000-04-01 00:00:00,25,true,2000-07-01 00:00:00,true,005403350,PNOINSURANCE PTY LTD,"","",https://pno.com.au/,https://northlink.org.au/melbournes-north-food-group/service-provider-directory/,places/ChIJZTp2A0No1moR0GbohgAt1pU,PNOinsurance,+61 3 9536 7333,http://www.pno.com.au/,"1911 Malvern Rd, Malvern East VIC 3145, Australia",insurance_agency,"insurance_agency,service,point_of_interest,establishment",3.8,17,2026-03-12 21:17:39.837597
60006224415,Dimac Tooling Pty Ltd,Manufacturing,Australian Private Company,Active,AMTIL,VIC,3175,2000-04-02 00:00:00,25,true,2000-07-01 00:00:00,true,006224415,DIMAC TOOLING PTY. LTD.,"","","",https://amtil.com.au/directory/,places/ChIJHxU2O0QV1moROVnkGT9642M,Dimac Tooling Pty Ltd,+61 3 9771 6121,http://dimac.com.au/,"69-71 Williams Rd, Dandenong South VIC 3175, Australia",manufacturer,"manufacturer,point_of_interest,establishment",5.0,3,2026-03-10 02:08:58.163538
21006633754,Fischer Plastic Products,Manufacturing,Australian Private Company,Active,AMTIL,VIC,3170,2000-04-03 00:00:00,25,true,2000-07-01 00:00:00,true,006633754,FISCHER PLASTIC PRODUCTS PTY LTD,"","","",https://amtil.com.au/directory/,places/ChIJPzI1kiUV1moR4gV82PEkK70,Fischer Plastic Products Pty Ltd.,+61 3 9548 0977,https://www.fischerplastics.com.au/,"1/13 Kalimna Ave, Mulgrave VIC 3170, Australia",wholesaler,"wholesaler,supplier,manufacturer,point_of_interest,establishment",5.0,10,2026-03-10 02:09:27.498546
28061965339,GLOBAL ENVIRONMENTAL MODELLING & MONITORING SYSTEMS PTY LTD,"",Australian Private Company,Active,ABR-Search,VIC,3097,2000-04-04 00:00:00,25,true,2000-07-01 00:00:00,true,061965339,GLOBAL ENVIRONMENTAL MODELLING & MONITORING SYSTEMS PTY LTD,"","","","",places/ChIJ4yy2rxld1moRv6QrbhU0yms,LRM Global,+61 3 9371 3400,https://lrmglobal.com.au/?utm_source=google&utm_medium=organic&utm_campaign=GBP,"65 Stubbs St, Kensington VIC 3031, Australia",consultant,"consultant,point_of_interest,service,establishment",4.8,20,2026-03-10 02:24:41.971863
42092340700,HUBTEX Australia,Manufacturing,Australian Private Company,Active,AMTIL,NSW,2765,2000-04-05 00:00:00,25,true,2000-07-01 00:00:00,true,092340700,HUBTEX AUSTRALIA PTY LIMITED,"","","",https://amtil.com.au/directory/,places/ChIJJd5bRNmdEmsRIklDGUU5k30,Hubtex Australia,+61 1300 365 621,http://www.hubtex.com.au/,"32-36 Victoria St, Riverstone NSW 2765, Australia",supplier,"supplier,manufacturer,point_of_interest,establishment",5.0,2,2026-03-10 02:10:00.775266
59050242683,Lightwave Technology,Manufacturing,Australian Private Company,Active,AMTIL,VIC,3153,2000-04-05 00:00:00,25,true,2000-07-01 00:00:00,true,050242683,ORYVILLA PTY. LTD.,"","","",https://amtil.com.au/directory/,places/ChIJ9VqNVcY61moR4hIyZv3oPPc,Lightwave Technology,+61 3 9720 6222,http://www.lightwavetechnology.com.au/,"14 Stephenson Rd, Bayswater North VIC 3153, Australia",store,"point_of_interest,store,establishment",4.1,8,2026-03-10 02:10:44.105086
84004012391,Bambach Wires and Cables Pty Ltd,Manufacturing,Australian Private Company,Active,SEMMA,VIC,3847,2000-04-05 00:00:00,25,true,2000-07-01 00:00:00,true,004012391,BAMBACH WIRES & CABLES PTY LIMITED,"","","",https://semma.com.au/directory/page/2/,places/ChIJ2WZz6M9b1moRFuB8SapV7ZE,Bambach Wires & Cables,+61 3 4112 1000,"","Unit 9/24-26 Carrick Dr, Tullamarine VIC 3043, Australia",manufacturer,"manufacturer,point_of_interest,establishment",0.0,0,2026-03-10 02:14:42.125305
79006409687,MJC Partners Pty Ltd,Manufacturing,Australian Private Company,Active,SEMMA,VIC,3175,2000-04-05 00:00:00,25,true,2000-07-01 00:00:00,true,006409687,MJC PARTNERS PTY LTD,"","","",https://semma.com.au/directory/page/2/,places/ChIJGeWXNgkU1moRnh6b9BjSB88,MJC Partners Pty Ltd,+61 3 9794 8180,http://www.mjcpartners.com.au/,"49 Robinson St, Dandenong VIC 3175, Australia",accounting,"accounting,finance,consultant,service,point_of_interest,establishment",5.0,70,2026-03-10 02:15:30.434706
70063009521,GEM College of International Business (Australia) Pty Ltd,Education/Training,Australian Private Company,Active,RTO,SA,5082,2000-04-06 00:00:00,25,true,2000-07-01 00:00:00,true,063009521,GEM COLLEGE OF INTERNATIONAL BUSINESS (AUSTRALIA) PTY LTD,"","","",https://training.gov.au/organisation/details/0366,places/ChIJeXDoLUjJsGoR30qIoxaq-bk,GEM College of International Business,+61 8 8342 3316,https://gemcollege.edu.au/,"52 Prospect Rd, Prospect SA 5082, Australia",educational_institution,"educational_institution,point_of_interest,establishment",0.0,0,2026-03-10 02:05:10.841375
33078726271,Dayview Window Company (AUST) Pty Ltd,Manufacturing,Australian Private Company,Active,SEMMA,VIC,3175,2000-04-06 00:00:00,25,true,2000-07-01 00:00:00,true,078726271,DAYVIEW WINDOW COMPANY (AUST.) PTY. LTD.,"","","",https://semma.com.au/directory/page/2/,places/ChIJWdma_9sT1moR5Bra2UEqvik,Dayview Sashless Windows Company,+61 3 9794 7324,http://www.dayviewwindows.com.au/,"8 Nicole Way, Dandenong South VIC 3175, Australia",point_of_interest,"point_of_interest,establishment",5.0,7,2026-03-10 02:15:00.441716
46001044391,ADCO Constructions,Manufacturing,Australian Private Company,Active,SEMMA,VIC,2060,2000-04-08 00:00:00,25,true,2000-07-01 00:00:00,true,001044391,ADCO CONSTRUCTIONS PTY LTD,"","","",https://semma.com.au/directory/,places/ChIJdRbt9KlC1moRlcD2tsI_pJY,ADCO Constructions Melbourne,+61 3 9832 1400,https://adcoconstruct.com.au/?utm_source=google&utm_medium=directory-organic&utm_campaign=melbourne,"Level 9/75 Dorcas St, South Melbourne VIC 3205, Australia",general_contractor,"general_contractor,service,point_of_interest,establishment",3.5,17,2026-03-10 02:13:37.51702
29077183192,BCA Logic,"",Australian Private Company,Active,ABR-Search,NSW,2000,2000-04-08 00:00:00,25,true,2018-03-06 00:00:00,true,077183192,JENSEN HUGHES PTY. LIMITED,"","","","",places/ChIJDYYuvj6uEmsRpDDmbLdO0YQ,BCA Energy Pty Ltd,+61 1300 787 302,http://www.bcaenergy.com.au/,"Suite 302, Level 3/151 Castlereagh St, Sydney NSW 2000, Australia",consultant,"consultant,service,point_of_interest,establishment",5.0,1,2026-03-10 02:29:20.533169
15084974541,Kemppi Australia Pty Ltd,Manufacturing,Australian Private Company,Active,AMTIL,NSW,2164,2000-04-09 00:00:00,25,true,2000-07-01 00:00:00,true,084974541,KEMPPI AUSTRALIA PTY LIMITED,"","","",https://amtil.com.au/directory/,places/ChIJ-zTiReeXEmsRIXqlhBmyzag,Kemppi Australia,+61 2 8785 2000,https://www.kemppi.com/,"Unit 2/463 Victoria St, Wetherill Park NSW 2164, Australia",supplier,"supplier,manufacturer,point_of_interest,store,establishment",4.1,9,2026-03-10 02:10:29.129898
68005586694,Fisher’s Pallets,Manufacturing,Australian Private Company,Active,SEMMA,VIC,3840,2000-04-09 00:00:00,25,true,2000-07-01 00:00:00,true,005586694,FISHERS (LATROBE VALLEY) PROPRIETARY LIMITED,"","","",https://semma.com.au/directory/,places/ChIJExetbGYRKWsRxzrrnLVFmRU,Fisher's Pallets,+61 3 5134 5155,https://fisherspallets.com.au/,"28-30 Swan Rd, Morwell VIC 3840, Australia",transportation_service,"transportation_service,supplier,point_of_interest,manufacturer,establishment",5.0,2,2026-03-10 02:13:54.33918
60000161106,Colchester Machine Tool Solutions Pty Ltd,Manufacturing,Australian Private Company,Active,AMTIL,NSW,2147,2000-04-10 00:00:00,25,true,2000-07-01 00:00:00,true,000161106,COLCHESTER MACHINE TOOL SOLUTIONS PTY LTD,"","","",https://amtil.com.au/directory/,places/ChIJVVVlT3aiEmsRLsXgaotDAd4,Colchester Machine Tool Solutions Australia,+61 2 9674 4738,http://colchestermachines.au/,"27 Foundry Rd, Seven Hills NSW 2147, Australia",manufacturer,"manufacturer,point_of_interest,establishment",0.0,0,2026-03-10 02:08:43.152415
64074228005,Leussink Engineering Pty Ltd,Manufacturing,Australian Private Company,Active,AMTIL,NSW,2526,2000-04-10 00:00:00,25,true,2000-07-01 00:00:00,true,074228005,C & M LEUSSINK ENGINEERING PTY LTD,"","","",https://amtil.com.au/directory/,places/ChIJsz_qC78QE2sRqC05WEhYGyk,Leussink Engineering,+61 2 4260 7777,https://www.leussink.com.au/?utm_source=google&utm_medium=organic&utm_campaign=gbp-listing,"16-18 Doyle Ave, Unanderra NSW 2526, Australia",consultant,"consultant,supplier,manufacturer,point_of_interest,service,store,establishment",5.0,3,2026-03-10 02:10:43.373315
16021300521,William Buck Pty Ltd,Manufacturing,Other Partnership,Active,AMTIL,VIC,2000,2000-04-10 00:00:00,25,true,2000-07-01 00:00:00,true,"",G ABRAS & Others,"","","",https://amtil.com.au/directory/,places/ChIJORClj0td1moRIF8Az_kwIr8,William Buck,+61 3 9824 8555,https://williambuck.com/locations/melbourne/?utm_source=google-my-business&utm_medium=display&utm_campaign=melbourne,"20/181 William St, Melbourne VIC 3000, Australia",accounting,"accounting,consultant,finance,point_of_interest,service,establishment",2.7,7,2026-03-10 02:13:02.637906
48005793911,Inductotherm Group Australia,Manufacturing,Australian Private Company,Active,AMTIL,VIC,3198,2000-04-11 00:00:00,25,true,2000-07-01 00:00:00,true,005793911,INDUCTOTHERM GROUP AUSTRALIA PTY LTD,"","","",https://amtil.com.au/directory/,places/ChIJkT7YuKt01moRAq4Al9VaGuw,Inductotherm Group Australia Pty Ltd,+61 3 9786 6000,http://www.inductotherm.com.au/,"62 Bardia Ave, Seaford VIC 3198, Australia",manufacturer,"manufacturer,point_of_interest,establishment",5.0,2,2026-03-10 02:10:07.444937
68002615901,SOFTWARE ENTERPRISE PTY LTD,"",Australian Private Company,Active,ABR-Search,NSW,2221,2000-04-11 00:00:00,25,true,2000-07-01 00:00:00,true,002615901,SOFTWARE ENTERPRISE PTY LTD,"","","","",places/ChIJX7O4uhujEmsR7AnBw6lStEk,Sri Enterprise Software,+61 480 496 636,https://www.sri.com.au/,"25/17 Elizabeth St, Parramatta NSW 2150, Australia",point_of_interest,"point_of_interest,establishment",5.0,1,2026-03-10 02:16:58.368015
47006467821,Die-Tech Tooling Pty Ltd,Manufacturing,Australian Private Company,Active,SEMMA,VIC,3173,2000-04-12 00:00:00,25,true,2000-07-01 00:00:00,true,006467821,DIE-TECH TOOLING PTY. LTD.,"","","",https://semma.com.au/directory/page/2/,places/ChIJA3PRve081moRTPvuWgWBER8,Die-Tech Tooling,+61 3 9768 7122,http://www.dietechtooling.com.au/,"51 Indian Dr, Keysborough VIC 3173, Australia",building_materials_store,"building_materials_store,point_of_interest,manufacturer,store,establishment",4.4,5,2026-03-10 02:15:04.208084
93006173155,SOFTWARE EXPRESS PTY. LTD.,"",Australian Private Company,Active,ABR-Search,VIC,3149,2000-04-12 00:00:00,25,true,2000-07-01 00:00:00,true,006173155,SOFTWARE EXPRESS PTY. LTD.,"","","","",places/ChIJ0evkXB1o1moRo4OC1ynD58k,Express Software,+61 411 147 280,http://expresssoftware.com.au/,"3/3 Bowen Cres, Melbourne VIC 3004, Australia",point_of_interest,"point_of_interest,establishment",0.0,0,2026-03-10 02:17:00.292761
93050049299,Think: Colleges Pty Ltd,Education/Training,Australian Private Company,Active,RTO,NSW,2010,2000-04-13 00:00:00,25,true,2000-07-01 00:00:00,true,050049299,THINK: COLLEGES PTY LTD,"","","",https://training.gov.au/organisation/details/0269,places/ChIJlWgSXzCuEmsRnox66i6yMQ8,"Torrens University Australia, Sydney, Surry Hills campus",+61 1300 575 803,https://www.torrens.edu.au/campuses/sydney/surry-hills-sydney,"Shop 1/37 Foveaux St, Surry Hills NSW 2010, Australia",university,"university,educational_institution,point_of_interest,establishment",4.0,333,2026-03-10 02:05:06.623153
51088206197,Hounslow Engineering Pty Ltd,Manufacturing,Australian Private Company,Active,AMTIL,VIC,3153,2000-04-13 00:00:00,25,true,2000-07-01 00:00:00,true,088206197,NERANA INDUSTRIES PTY. LTD.,"","","",https://amtil.com.au/directory/,places/ChIJYwtJOxM71moR2FU9HN0uF3w,Hounslow Engineering,+61 3 9762 7643,http://hounslow.com.au/,"9 London Dr, Bayswater VIC 3153, Australia",consultant,"consultant,service,point_of_interest,establishment",5.0,2,2026-03-10 02:10:00.047602
89074351232,Ductmakers Pty Ltd,Manufacturing,Australian Private Company,Active,SEMMA,VIC,3201,2000-04-13 00:00:00,25,true,2000-07-01 00:00:00,true,074351232,DUCTMAKERS PTY. LTD.,"","","",https://semma.com.au/directory/page/2/,places/ChIJp5NZo8MM1moRp8Npazg_vnU,Ductmakers Pty Ltd.,+61 3 9770 3900,http://www.ductmakers.com/,"17 Lakewood Blvd, Carrum Downs VIC 3201, Australia",manufacturer,"manufacturer,point_of_interest,establishment",5.0,1,2026-03-10 02:15:01.993348
27006369348,ODT Engineering Pty Ltd,Manufacturing,Australian Private Company,Active,SEMMA,VIC,3175,2000-04-13 00:00:00,25,true,2000-07-01 00:00:00,true,006369348,O. D. T. ENGINEERING PTY. LTD.,"","","",https://semma.com.au/directory/page/2/,places/ChIJ-xWjIUcS1moRUpmf0SmjLL8,O.D.T. Engineering,+61 3 9706 4135,http://www.odt.com.au/,"521 Hammond Rd, Dandenong South VIC 3164, Australia",supplier,"supplier,service,point_of_interest,manufacturer,establishment",0.0,0,2026-03-10 02:15:23.02465
92074543221,LOGIC SCULPTOR,"",Australian Private Company,Active,ABR-Search,SA,5114,2000-04-13 00:00:00,25,true,2025-01-01 00:00:00,true,074543221,LOGIC SCULPTOR (S.A.) PTY. LTD.,"","","","",places/ChIJ-Re_uD_HsGoRJA0WNPkX9t0,ART LOGIC Pty Ltd,+61 432 924 305,"","27 Warwick St, Largs North SA 5016, Australia",art_gallery,"art_gallery,point_of_interest,establishment",5.0,20,2026-03-10 02:28:19.809787
45070275562,Advanced Cutting Technology Pty Ltd,Manufacturing,Australian Private Company,Active,"AMTIL,SEMMA",VIC,3201,2000-04-14 00:00:00,25,true,2018-07-01 00:00:00,true,070275562,ADVANCED CUTTING TECHNOLOGY PTY LTD,"","","",https://amtil.com.au/directory/,places/ChIJ5aX8jTgS1moRT2QcVfvxHp4,Advanced Cutting Technology Pty Ltd,+61 3 9768 3553,https://actlaser.com.au/,"13 Yazaki Way, Carrum Downs VIC 3201, Australia",manufacturer,"manufacturer,point_of_interest,establishment",4.6,19,2026-03-10 02:14:55.325368
51000151351,Bar’s Leaks,Manufacturing,Australian Private Company,Active,AMTIL,NSW,2229,2000-04-14 00:00:00,25,true,2000-07-01 00:00:00,true,000151351,BAR'S LEAKS (AUSTRALIA) PTY LTD,"","","",https://amtil.com.au/directory/,places/ChIJIVQFB4vHEmsRhbIBEBJnPOw,Bar's Leaks Australia LP,+61 2 9524 5236,http://www.barsleaks.com.au/,"41A Bay Rd, Taren Point NSW 2229, Australia",manufacturer,"manufacturer,point_of_interest,establishment",5.0,1,2026-03-10 02:08:03.072628
16083521751,CADApps Australia,Manufacturing,Australian Private Company,Active,AMTIL,VIC,3168,2000-04-14 00:00:00,25,true,2000-07-01 00:00:00,true,083521751,CADAPPS (AUSTRALIA) PTY LTD,"","","",https://amtil.com.au/directory/,places/ChIJW-Gp8ulr1moRNE4TWajnLB4,Cadapps (Australia) Pty LTD,+61 1300 277 153,http://www.cadapps.com.au/,"Unit 1/29 Business Park Dr, Notting Hill VIC 3168, Australia",point_of_interest,"point_of_interest,establishment",0.0,0,2026-03-10 02:08:19.85569
14050028209,Efficient Lighting Systems,Manufacturing,Australian Private Company,Active,AMTIL,VIC,3056,2000-04-14 00:00:00,25,true,2000-07-01 00:00:00,true,050028209,EFFICIENT LIGHTING SYSTEMS PTY. LTD.,"","","",https://amtil.com.au/directory/,places/ChIJQUbZRatc1moRNdRiKFqOhqo,Efficient Lighting Systems,+61 3 9222 5522,http://www.elslighting.com.au/,"39-43 Tinning St, Brunswick VIC 3056, Australia",manufacturer,"point_of_interest,manufacturer,establishment",3.0,4,2026-03-10 02:09:09.062719
29005279907,Ace Wire Works VIC Pty Ltd,Manufacturing,Australian Private Company,Active,SEMMA,VIC,3803,2000-04-16 00:00:00,25,true,2000-07-01 00:00:00,true,005279907,ACE WIRE WORKS (VIC.) PTY. LTD.,"","","",https://semma.com.au/directory/page/2/,places/ChIJXwGeQywR1moReDT__Coj0j0,Ace Wire Works PTY Ltd.,+61 3 9702 4244,http://www.acewire.com.au/,"67-83 Abbott Rd, Hallam VIC 3803, Australia",manufacturer,"manufacturer,general_contractor,furniture_store,home_improvement_store,home_goods_store,point_of_interest,service,store,establishment",5.0,4,2026-03-10 02:14:54.48804
24079893084,SOFTWARE VISION PTY LTD,"",Australian Private Company,Active,ABR-Search,SA,5081,2000-04-16 00:00:00,25,true,2000-07-01 00:00:00,true,079893084,SOFTWARE VISION PTY LTD,"","","","",places/ChIJtwHvyNfOsGoRM1QHMXwPNyw,MindVision,+61 8 8127 2200,https://www.mindvision.com.au/,"Level 4/111 Gawler Pl, Adelaide SA 5000, Australia",consultant,"consultant,service,point_of_interest,establishment",5.0,3,2026-03-10 02:17:37.787971
52080362081,Mortgage Choice Williamstown,General,Australian Private Company,Active,HobsonsBay,VIC,3149,2000-04-16 00:00:00,25,true,2000-07-01 00:00:00,true,080362081,K. MCCANN HOLDINGS PTY LTD,"","","",https://www.hobsonsbaybusiness.com.au/Business-Directory-Menu?dlv_OC%20CL%20Invest%20Business%20Directory%20Listing=(pageindex=16),places/ChIJDzHvsehg1moRhYeNEXVxv00,Mortgage Choice in Williamstown,+61 3 9397 0365,https://www.mortgagechoice.com.au/jonathan.lee/,"145 Railway Pl, Williamstown VIC 3016, Australia",insurance_agency,"insurance_agency,consultant,finance,point_of_interest,service,establishment",5.0,254,2026-03-10 02:32:14.042209
94006606515,Machinery Forum (NSW) Pty Ltd,Manufacturing,Australian Private Company,Active,AMTIL,NSW,2116,2000-04-17 00:00:00,25,true,2000-07-01 00:00:00,true,006606515,MACHINERY FORUM (N.S.W.) PTY. LTD.,"","","",https://amtil.com.au/directory/,places/ChIJYUeXJnKjEmsRoIBhrcUWLZs,Machinery Forum NSW Pty Ltd,+61 2 9638 9600,https://www.machineryforum.com.au/,"33 Brodie St, Rydalmere NSW 2116, Australia",point_of_interest,"point_of_interest,establishment",0.0,0,2026-03-10 02:10:51.221657
72007148754,Profile Doors Pty Ltd,General,Australian Private Company,Active,HobsonsBay,VIC,3016,2000-04-17 00:00:00,25,true,2000-07-01 00:00:00,true,007148754,PROFILE DOORS PTY LIMITED,"","","",https://www.hobsonsbaybusiness.com.au/Business-Directory-Menu?dlv_OC%20CL%20Invest%20Business%20Directory%20Listing=(pageindex=19),places/ChIJp3jwoYtE1moRgUFTuE2m4ZQ,Profile Doors & Leadlighting,+61 3 9416 9697,http://www.profiledoors.com.au/,"7/241 Kororoit Creek Rd, Williamstown VIC 3016, Australia",manufacturer,"manufacturer,point_of_interest,establishment",4.4,73,2026-03-10 02:32:37.1649
58552536547,Rigby Cooke Lawyers,Manufacturing,Other Partnership,Active,AMTIL,VIC,3000,2000-04-18 00:00:00,25,true,2000-07-01 00:00:00,true,"",HOLIROM PTY LTD & KARVELA PRACTICE CO PTY LTD & WINTER PEARLS PTY LTD,"","","",https://amtil.com.au/directory/,places/ChIJz7eFeEld1moROGLzOnp6nKM,Rigby Cooke Lawyers,+61 3 9321 7888,http://www.rigbycooke.com.au/,"11/360 Elizabeth St, Melbourne VIC 3000, Australia",consultant,"consultant,service,point_of_interest,establishment",3.1,15,2026-03-10 02:12:00.85489
91001514889,Unique Tooling,Manufacturing,Australian Private Company,Active,AMTIL,NSW,2164,2000-04-18 00:00:00,25,true,2000-07-01 00:00:00,true,001514889,UNIQUE TOOLING PTY LTD,"","","",https://amtil.com.au/directory/,places/ChIJd1shYn6XEmsRdyDgoKUQQlQ,Unique Tooling Pty Ltd,+61 2 9757 1788,http://www.uniquetooling.com.au/,"1/5 Wenban Pl, Wetherill Park NSW 2164, Australia",point_of_interest,"point_of_interest,establishment",4.0,1,2026-03-10 02:12:49.72898
89005551057,Hilton Manufacturing Pty Ltd,Manufacturing,Australian Private Company,Active,SEMMA,VIC,3175,2000-04-18 00:00:00,25,true,2010-12-01 00:00:00,true,005551057,HILTON MANUFACTURING PTY LTD,"","","",https://semma.com.au/directory/page/2/,places/ChIJz3k_-EMS1moRbY5MEwfh66Q,Hilton Manufacturing PTY Ltd,+61 3 8791 9400,https://www.hiltonmanufacturing.com.au/,"110-116 Bangholme Rd, Dandenong South VIC 3175, Australia",corporate_office,"corporate_office,manufacturer,point_of_interest,establishment",3.9,9,2026-03-10 02:15:21.387161
16075926840,Atlas Tooling Pty Ltd,Manufacturing,Australian Private Company,Active,SEMMA,VIC,3195,2000-04-18 00:00:00,25,true,2000-07-01 00:00:00,true,075926840,ATLAS TOOLING PTY. LTD.,"","","",https://semma.com.au/directory/page/3/,places/ChIJM3_meh5t1moRP7OWV84n5NA,Atlas Tooling PTY Ltd.,+61 3 9587 2222,http://www.atlastooling.com.au/,"9 Capital Ct, Braeside VIC 3195, Australia",consultant,"consultant,manufacturer,service,point_of_interest,establishment",4.5,2,2026-03-10 02:16:40.672563
59002127862,SOFTWARE CONSULTANTS PTY LTD,"",Australian Private Company,Active,ABR-Search,NSW,2769,2000-04-18 00:00:00,25,true,2000-07-01 00:00:00,true,002127862,SOFTWARE CONSULTANTS PTY LTD,"","","","",places/ChIJ7ZXA4B6jEmsR_MmvUVYgmjI,Adactin Group Pty Ltd,+61 1300 232 286,https://www.adactin.com/?utm_source=google&utm_medium=organic&utm_campaign=GMB,"Suite 402, Level 4/56 Station St E, Harris Park NSW 2150, Australia",service,"service,point_of_interest,establishment",3.9,37,2026-03-10 02:16:51.275867
31052900562,ALLGATE AUTOMATION,"",Australian Private Company,Active,ABR-Search,NSW,2565,2000-04-18 00:00:00,25,true,2000-07-01 00:00:00,true,052900562,ALLGATTI PTY LTD,"","","","",places/ChIJRZRAMWfrEmsRS9i3jttfahE,Allgate Automation,+61 2 8784 2312,https://allgateautomation.com.au/,"Unit 1/2 Garner Pl, Ingleburn NSW 2565, Australia",supplier,"supplier,point_of_interest,service,establishment",2.6,14,2026-03-10 02:20:17.68527
32001255312,Coregas,Manufacturing,Australian Private Company,Active,AMTIL,NSW,2161,2000-04-19 00:00:00,25,true,2000-07-01 00:00:00,true,001255312,COREGAS PTY LTD,"","","",https://amtil.com.au/directory/,places/ChIJ6W4LV3C9EmsR09ihKDEMmAg,Coregas,+61 2 9794 2222,https://www.coregas.com.au/,"66 Loftus Rd, Yennora NSW 2161, Australia",supplier,"supplier,service,point_of_interest,establishment",3.1,13,2026-03-10 02:08:53.896912
96082799282,Australian College of the Arts Pty Ltd,Education/Training,Australian Private Company,Active,RTO,VIC,3066,2000-04-21 00:00:00,25,true,2000-07-01 00:00:00,true,082799282,AUSTRALIAN COLLEGE OF THE ARTS PTY LTD,"","","",https://training.gov.au/organisation/details/0109,places/ChIJvfpxXq5C1moRic3brelGd9A,Victorian College Of The Arts,+61 136352,https://finearts-music.unimelb.edu.au/about-us/vca,"234 St Kilda Rd, Southbank VIC 3006, Australia",sports_school,"sports_school,educational_institution,point_of_interest,service,establishment",3.9,27,2026-03-10 02:04:56.157683
51059124319,Nuline Windows,Manufacturing,Australian Private Company,Active,SEMMA,VIC,3173,2000-04-21 00:00:00,25,true,2001-10-01 00:00:00,true,059124319,NULINE WINDOWS PTY LTD,"","","",https://semma.com.au/directory/page/2/,places/ChIJNxTt3-sT1moRw4KnxApFX5c,Nuline Windows,+61 3 9792 0083,https://nulinewindows.com.au/,"10 Arctic Ct, Keysborough VIC 3173, Australia",manufacturer,"manufacturer,point_of_interest,establishment",4.8,66,2026-03-10 02:15:23.84647
41082617525,AUTOMATION WORKS PTY LTD,"",Australian Private Company,Active,ABR-Search,VIC,3204,2000-04-21 00:00:00,25,true,2000-07-01 00:00:00,true,082617525,AUTOMATION WORKS PTY LTD,"","","","",places/ChIJAd5d001n1moRFzgylOuDnPs,Automated Solutions Australia,+61 1800 762 687,https://www.automatedsolutions.com.au/,"34 Burgess St, Brooklyn VIC 3012, Australia",consultant,"consultant,service,point_of_interest,manufacturer,establishment",5.0,3,2026-03-10 02:19:38.568176
24003182714,Asia Access Pty Ltd,General,Australian Private Company,Active,HobsonsBay,VIC,3016,2000-04-21 00:00:00,25,true,2000-07-01 00:00:00,true,003182714,ASIA ACCESS PTY LTD,"","","",https://www.hobsonsbaybusiness.com.au/Business-Directory-Menu?dlv_OC%20CL%20Invest%20Business%20Directory%20Listing=(pageindex=3),places/ChIJLRB-rOhm1moR4VUqWokvmNQ,Asia Access PTY Ltd.,+61 3 9397 8421,"","16 Stevedore St, Williamstown VIC 3016, Australia",point_of_interest,"point_of_interest,establishment",0.0,0,2026-03-10 02:30:00.710846
59007386852,Mancini Real Estate,General,Australian Private Company,Active,HobsonsBay,VIC,3018,2000-04-21 00:00:00,25,true,2000-07-01 00:00:00,true,007386852,LEON MANCINI & SONS PTY. LTD.,"","","",https://www.hobsonsbaybusiness.com.au/Business-Directory-Menu?dlv_OC%20CL%20Invest%20Business%20Directory%20Listing=(pageindex=15),places/ChIJn8z_wtJj1moRnYP3VxJPs54,Mancini Real Estate,+61 3 9398 6366,http://mancini.com.au/,"61 Pier St, Altona VIC 3018, Australia",real_estate_agency,"real_estate_agency,point_of_interest,service,establishment",4.2,211,2026-03-10 02:31:57.908213
47088359728,Syskim International Pty Ltd,Manufacturing,Australian Private Company,Active,AMTIL,NSW,2154,2000-04-22 00:00:00,25,true,2000-07-01 00:00:00,true,088359728,SYSKIM INTERNATIONAL PTY LTD,"","","",https://amtil.com.au/directory/,places/ChIJzbTZhJahEmsRYUl9mCrMut4,SYSKIM International,+61 2 9659 2900,http://syskim.com/,"Unit 10/9 Hoyle Ave, Castle Hill NSW 2154, Australia",supplier,"supplier,manufacturer,point_of_interest,establishment",0.0,0,2026-03-10 02:12:33.571706
19008201894,Zeiss Australia,Manufacturing,Australian Private Company,Active,AMTIL,NSW,5160,2000-04-22 00:00:00,25,true,2000-07-01 00:00:00,true,008201894,CARL ZEISS VISION AUSTRALIA PTY LTD,"","","",https://amtil.com.au/directory/,places/ChIJs0rIwAemEmsRsCnEsyOvSso,Carl Zeiss Pty Ltd,+61 1300 365 470,https://www.zeiss.com.au/corporate/home.html,"Suite 1.03, City Views Business Park, 65 Epping Rd, Macquarie Park NSW 2113, Australia",corporate_office,"corporate_office,point_of_interest,establishment",3.0,4,2026-03-10 02:13:05.12299
21079620009,BB Engineering Plastics,Manufacturing,Australian Private Company,Active,SEMMA,VIC,3175,2000-04-22 00:00:00,25,true,2000-07-01 00:00:00,true,079620009,BUSY BEE BRUSHWARE PTY. LTD.,"","","",https://semma.com.au/directory/,places/ChIJj_Cl_EcS1moRarriFxDp--I,Busy Bee Brushware,+61 3 9768 2865,https://www.busybee.com.au/,"39 Swift Way, Dandenong South VIC 3175, Australia",manufacturer,"manufacturer,point_of_interest,store,establishment",5.0,62,2026-03-10 02:15:50.372139
42076185389,EMBEDDED SOLUTIONS (AUST) PTY. LTD.,"",Australian Private Company,Active,ABR-Search,VIC,3204,2000-04-22 00:00:00,25,true,2000-07-01 00:00:00,true,076185389,EMBEDDED SOLUTIONS (AUST) PTY. LTD.,"","","","",places/ChIJ9QL4SnRG1moR8mj0hATxsO0,Embedded Technologies,+61 1300 780 015,http://www.ete.com.au/,"279 Dundas St, Preston VIC 3072, Australia",supplier,"supplier,point_of_interest,manufacturer,establishment",0.0,0,2026-03-10 02:21:27.69047
67413472774,Caravan Industry Association - Victoria,Manufacturing,Other Unincorporated Entity,Active,NorthLink-MfgPartner,VIC,3003,2000-04-27 00:00:00,25,true,2000-07-01 00:00:00,true,"",CARAVAN TRADE & INDUSTRIES ASSOCIATION OF VICTORIA,"","",https://ciavic.com.au/,https://northlink.org.au/melbournes-north-advanced-manufacturing-group/partner-directory/,places/ChIJzXP9oo3lWQERfk-SShntNsI,Caravan Industry Victoria,+61 3 9372 5388,http://www.ciavic.com.au/,"8/88 Dynon Rd, West Melbourne VIC 3003, Australia",association_or_organization,"association_or_organization,point_of_interest,establishment",5.0,5,2026-03-10 02:06:35.998049
64000943297,AUTOMATION FEEDING DEVICES PTY LTD,"",Australian Private Company,Active,ABR-Search,NSW,2141,2000-04-27 00:00:00,25,true,2000-07-01 00:00:00,true,000943297,AUTOMATION FEEDING DEVICES PTY LTD,"","","","",places/ChIJs69tZF-7EmsR_a0WvYwxkIM,Automation Feeding Devices PTY Ltd.,+61 2 9646 3666,"","3 East St, Lidcombe NSW 2141, Australia",point_of_interest,"point_of_interest,establishment",0.0,0,2026-03-10 02:20:51.049689
83007166618,Wolters Steel Mesh & Hardware Supplies,Manufacturing,Australian Private Company,Active,SEMMA,VIC,3201,2000-04-28 00:00:00,25,true,2000-07-01 00:00:00,true,007166618,WOLTER STEEL CO. PTY. LTD.,"","","",https://semma.com.au/directory/page/2/,places/ChIJy9UUuekM1moRyimzzYyTAIU,"Wolters Steel, Mesh & Hardware Supplies",+61 3 9788 5444,http://www.wolters.com.au/,"1 Sonia St, Carrum Downs VIC 3201, Australia",hardware_store,"hardware_store,building_materials_store,manufacturer,point_of_interest,store,establishment",5.0,25,2026-03-10 02:15:41.304304
77464687758,Punt Hill Apartments Williamstown,General,Other Partnership,Active,HobsonsBay,VIC,3141,2000-04-28 00:00:00,25,true,2000-07-01 00:00:00,true,"",THE TRUSTEE FOR THE CARAS FAMILY TRUST & THE TRUSTEE FOR CARAS INVESTMENT TRUST,"","","",https://www.hobsonsbaybusiness.com.au/Business-Directory-Menu?dlv_OC%20CL%20Invest%20Business%20Directory%20Listing=(pageindex=19),places/ChIJ0WEM5sdC1moRYqj3rPVtBgU,Punthill Apartment Hotels | Williamstown,+61 3 9393 1293,https://www.punthill.com.au/hotels/williamstown/,"4/18 Ferguson St, Williamstown VIC 3016, Australia",hotel,"hotel,extended_stay_hotel,event_venue,lodging,point_of_interest,service,establishment",4.2,146,2026-03-10 02:32:42.232565
41051976035,AUTOMATION COMPONENTS,"",Australian Private Company,Active,ABR-Search,NSW,2153,2000-04-29 00:00:00,25,true,2000-07-01 00:00:00,true,051976035,CPAC PTY. LIMITED,"","","","",places/ChIJP_WAU_yhEmsRvKQ6cxMblaQ,Concept Automation Pty. Ltd.,+61 2 9078 8360,http://www.conceptauto.com.au/,"13/7 Inglewood Pl, Baulkham Hills NSW 2153, Australia",manufacturer,"manufacturer,point_of_interest,establishment",0.0,0,2026-03-10 02:19:12.191549
90006504874,Modelling Training Institute,"",Australian Private Company,Active,ABR-Search,VIC,3129,2000-04-29 00:00:00,25,true,2000-07-01 00:00:00,true,006504874,TEAM AGENCIES PTY. LTD.,"","","","",places/ChIJ7RIUNHxC1moRb0xJN1Beh1g,Australian Academy of Modelling,+61 1300 249 745,https://australianacademyofmodelling.com.au/,"Level 2/100 Cubitt St, Cremorne VIC 3121, Australia",service,"service,point_of_interest,establishment",4.8,41,2026-03-10 02:23:16.030448
47004327342,Lovitt Technologies Australia,Manufacturing,Australian Private Company,Active,AMTIL,VIC,3088,2000-05-01 00:00:00,25,true,2000-07-01 00:00:00,true,004327342,GEORGE LOVITT (MANUFACTURING) PROPRIETARY LIMITED,"","","",https://amtil.com.au/directory/,places/ChIJ93TJZ2tI1moRSQC9iNhILbE,Lovitt Technologies Australia,+61 3 9431 7300,https://www.lovittech.com.au/,"201-209 Para Rd, Greensborough VIC 3088, Australia",manufacturer,"manufacturer,point_of_interest,establishment",3.1,15,2026-03-10 02:10:48.733369
85074444876,Campagno Engineering Pty Ltd,Manufacturing,Australian Private Company,Active,SEMMA,VIC,3175,2000-05-02 00:00:00,25,true,2000-07-01 00:00:00,true,074444876,CAMPAGNO ENGINEERING PTY. LTD.,"","","",https://semma.com.au/directory/page/2/,places/ChIJxxF-GtoT1moRN2kzjlryoC4,Campagno Engineering,+61 3 9791 6464,http://www.campagnoengineering.com.au/?utm_source=google&utm_medium=Google_Business_Profile&utm_campaign=GBP_Website_Button,"10 Zenith Rd, Dandenong South VIC 3175, Australia",manufacturer,"manufacturer,service,point_of_interest,establishment",3.9,8,2026-03-10 02:14:41.419749
25059022963,Applied Machinery,Manufacturing,Australian Private Company,Active,SEMMA,VIC,3195,2000-05-02 00:00:00,25,true,2000-07-01 00:00:00,true,059022963,MACHINERY ASSETS PTY LTD,"","","",https://semma.com.au/directory/page/2/,places/ChIJHyP-2dkT1moRn2D86J3EN5A,Applied Machinery,+61 3 9706 8066,https://www.appliedmachinery.com.au/,"55-61 Nissan Dr, Dandenong VIC 3175, Australia",supplier,"supplier,service,point_of_interest,manufacturer,establishment",4.7,13,2026-03-10 02:15:52.006745
31080527680,SOFTWARE WIZARDS PTY. LTD.,"",Australian Private Company,Active,ABR-Search,VIC,3008,2000-05-02 00:00:00,25,true,2000-07-01 00:00:00,true,080527680,SOFTWARE WIZARDS PTY. LTD.,"","","","",places/ChIJuZUzaRhc1moRsqUnq0F1nxU,Software Wizards Pty Ltd,+61 423 810 650,http://www.softwarewizards.com.au/,"12 Rose Ave, Niddrie VIC 3042, Australia",electronics_store,"electronics_store,point_of_interest,store,establishment",0.0,0,2026-03-10 02:17:38.413123
32081592467,Numiscon,Manufacturing,Australian Private Company,Active,SEMMA,VIC,4212,2000-05-03 00:00:00,25,true,2000-07-01 00:00:00,true,081592467,NUMISCON INTERNATIONAL PTY. LTD.,"","","",https://semma.com.au/directory/page/3/,places/ChIJU1K-6rBp1moRBXARvGBwKaA,NumisBid,+61 1800 851 593,https://numisbid.com.au/,"1 Queens Rd, Melbourne VIC 3004, Australia",store,"point_of_interest,store,establishment",0.0,0,2026-03-10 02:16:38.451037
90007145520,Edlyn Foods,Manufacturing,Australian Private Company,Active,NorthLink-FoodMfg,VIC,3076,2000-05-04 00:00:00,25,true,2000-07-01 00:00:00,true,007145520,EDLYN FOODS PTY. LTD.,"","",https://edlyn.com.au/,https://northlink.org.au/melbournes-north-food-group/manufacturer-directory/,places/ChIJQZipNVlO1moRrac8HodmUxI,Edlyn Foods,+61 1300 661 908,http://www.edlyn.com.au/,"13 Ricky Way, Epping VIC 3076, Australia",consultant,"consultant,supplier,manufacturer,wholesaler,food,point_of_interest,service,establishment",3.7,17,2026-03-10 02:05:42.548457
25058401693,GRANT MODELLING PTY. LIMITED,"",Australian Private Company,Active,ABR-Search,NSW,2094,2000-05-05 00:00:00,25,true,2000-07-01 00:00:00,true,058401693,GRANT MODELLING PTY. LIMITED,"","","","",places/ChIJV8sJTz-uEmsRCUfT8aOPnDI,Grants Office,+61 2 7229 5955,https://grantsoffice.com.au/contact-us/,"171 Clarence St, Sydney NSW 2000, Australia",consultant,"consultant,service,point_of_interest,establishment",0.0,0,2026-03-10 02:23:12.120465
30071163249,Sussex Taps,Manufacturing,Australian Private Company,Active,NorthLink-MfgPartner,VIC,3061,2000-05-07 00:00:00,25,true,2000-07-01 00:00:00,true,071163249,SUSSEX TAPS PTY LTD,"","",http://sussextaps.com.au,https://northlink.org.au/melbournes-north-advanced-manufacturing-group/partner-directory/,"","","","","","","",0.0,0,2026-03-10 02:07:01.956938
96065126605,Electric Motor Power Pty Ltd,Manufacturing,Australian Private Company,Active,"AMTIL,SEMMA",VIC,3153,2000-05-09 00:00:00,25,true,2000-07-01 00:00:00,true,065126605,ELECTRIC MOTOR POWER PTY. LTD.,"","","",https://amtil.com.au/directory/,places/ChIJE-8DARM71moReiYKVNNro_g,Electric Motor Power Pty Ltd,+61 3 9720 6366,http://www.emppl.com.au/,"10 Newcastle Rd, Bayswater VIC 3153, Australia",store,"point_of_interest,store,establishment",5.0,4,2026-03-10 02:13:35.623913
84050285731,Whyte Public Relations,Manufacturing,Australian Private Company,Active,AMTIL,NSW,2065,2000-05-11 00:00:00,25,true,2000-07-01 00:00:00,true,050285731,WHYTE PUBLIC RELATIONS PTY. LIMITED,"","","",https://amtil.com.au/directory/,places/ChIJMcWcyEKoEmsR5Z04PWjM9-s,Whyte Public Relations,+61 2 9439 9329,http://www.whytepr.com.au/,"Suite 8, Level 1/174 Willoughby Rd, Naremburn NSW 2065, Australia",service,"point_of_interest,service,establishment",5.0,2,2026-03-10 02:13:00.843097
79052406283,Platform No.5,"",Australian Private Company,Active,ABR-Search,VIC,3550,2000-05-11 00:00:00,25,true,2026-01-01 00:00:00,true,052406283,MONTYSOL PTY. LTD.,"","","","",places/ChIJoSURuZZd1moRpxVYtazq1-w,PLATFORM 5,"","","451 Little Collins St, Melbourne VIC 3000, Australia",cafe,"cafe,food,point_of_interest,establishment",5.0,8,2026-03-10 02:26:28.42648
30003723448,Guhring Pty Ltd,Manufacturing,Australian Private Company,Active,AMTIL,VIC,3170,2000-05-12 00:00:00,25,true,2000-07-01 00:00:00,true,003723448,GUHRING PTY. LTD.,"","","",https://amtil.com.au/directory/,places/ChIJl66nzaBr1moRKbx0oIkGXbY,Guhring Australia,+61 1800 639 991,http://www.guhring.com.au/,"1 Miles St, Mulgrave VIC 3170, Australia",wholesaler,"wholesaler,store,manufacturer,point_of_interest,establishment",5.0,4,2026-03-10 02:09:47.612178
37005285101,Rosebank Engineering Pty Ltd,Manufacturing,Australian Private Company,Active,AMTIL,VIC,3153,2000-05-14 00:00:00,25,true,2000-07-01 00:00:00,true,005285101,ROSEBANK ENGINEERING PTY LTD,"","","",https://amtil.com.au/directory/,places/ChIJYaB18ju2lmsRaamL8DQriWU,Rosebank Engineering Australia Pty Ltd,+61 3 9721 1300,"","836 Mountain Hwy, Bayswater VIC 3153, Australia",transportation_service,"transportation_service,point_of_interest,establishment",3.7,12,2026-03-10 02:12:05.287537
75078026150,SOFTWARE PUBLICATIONS PTY LTD,"",Australian Private Company,Active,ABR-Search,NSW,2067,2000-05-15 00:00:00,25,true,2000-07-01 00:00:00,true,078026150,SOFTWARE PUBLICATIONS PTY LTD,"","","","","","","","","","","",0.0,0,2026-03-10 02:17:24.089821
75005052844,AMAC Corrosion Protection Pty Ltd,Manufacturing,Australian Private Company,Active,SEMMA,VIC,3137,2000-05-19 00:00:00,25,true,2000-07-01 00:00:00,true,005052844,AMAC CORROSION PROTECTION PTY. LTD.,"","","",https://semma.com.au/directory/page/2/,places/ChIJMUgJ9Ekl1moRjAFP0VaCmhs,Amac Corrosion,+61 3 9729 8888,http://www.amacgroup.com.au/index.php?ID=60,"1/199 Liverpool Rd, Kilsyth VIC 3137, Australia",manufacturer,"manufacturer,point_of_interest,establishment",0.0,0,2026-03-10 02:14:59.24253
42075823255,LOGIC & ASSOCIATES,"",Australian Private Company,Active,ABR-Search,VIC,3065,2000-05-19 00:00:00,25,true,2000-07-01 00:00:00,true,075823255,AUSTRALIAN CHILDHOOD TRAUMA GROUP PTY LTD,"","","","",places/ChIJg-O3B7Jb1moR9wJL405ZE1g,Logic Partners,+61 1300 564 424,https://www.logicp.com.au/,"Office 1, Level 2/77 Raleigh St, Essendon VIC 3040, Australia",finance,"finance,consultant,service,point_of_interest,establishment",4.9,111,2026-03-10 02:27:24.391471
94005286215,Hargo Engineering Pty Ltd,Manufacturing,Australian Private Company,Active,AMTIL,VIC,3136,2000-05-21 00:00:00,25,true,2000-07-01 00:00:00,true,005286215,HARGO ENGINEERING PTY. LTD.,"","","",https://amtil.com.au/directory/,places/ChIJF0WE68A61moRrNlIIyxvObY,Hargo Engineering Pty Ltd,+61 3 9761 5110,http://www.hargo.com.au/,"103-115 Merrindale Dr, Croydon South VIC 3136, Australia",manufacturer,"manufacturer,point_of_interest,service,establishment",5.0,2,2026-03-10 02:09:52.713089
61005625025,Advance Chemicals,General,Australian Private Company,Active,HobsonsBay,VIC,3018,2000-05-21 00:00:00,25,true,2000-07-01 00:00:00,true,005625025,STAINGUARD INTERNATIONAL PTY. LTD.,"","","",https://www.hobsonsbaybusiness.com.au/Business-Directory-Menu,places/ChIJ8_aojxli1moRc-7lcT3jyho,Advance Chemicals,+61 3 9398 4444,http://www.advancechemicals.com.au/,"5-6 Malton Ct, Altona VIC 3018, Australia",manufacturer,"manufacturer,point_of_interest,establishment",4.9,29,2026-03-10 02:29:45.040588
20090724726,TLC Aged Care Altona North,General,Australian Private Company,Active,HobsonsBay,VIC,3004,2000-05-22 00:00:00,25,true,2000-07-01 00:00:00,true,090724726,TLC AGED CARE PTY. LTD.,"","","",https://www.hobsonsbaybusiness.com.au/Business-Directory-Menu?dlv_OC%20CL%20Invest%20Business%20Directory%20Listing=(pageindex=25),places/ChIJ33cffR5h1moR9sWtPLXsr_w,TLC Marina Residential Aged Care,+61 3 8374 6000,https://www.tlchealthcare.com.au/location/altona-north/aged-care/?utm_source=google&utm_medium=organic&utm_campaign=GBP,"385 Blackshaws Rd, Altona North VIC 3025, Australia",health,"point_of_interest,health,service,establishment",3.4,36,2026-03-10 02:33:36.36413
40001786858,Platform GSK,"",Australian Private Company,Active,ABR-Search,NSW,2009,2000-05-24 00:00:00,25,true,2000-07-01 00:00:00,true,001786858,PUBLICIS MEDIA AUSTRALIA PTY LTD,"","","","",places/ChIJa-G5Z4ykEmsRlRe43_MicB0,GlaxoSmithKline Australia,+61 2 9684 0888,http://www.au.gsk.com/,"82 Hughes Ave, Ermington NSW 2115, Australia",research_institute,"research_institute,medical_center,hospital,consultant,health,supplier,manufacturer,wholesaler,point_of_interest,service,establishment",2.8,11,2026-03-10 02:26:23.120989
47003803709,THE SOFTWARE MILL PTY. LIMITED,"",Australian Private Company,Active,ABR-Search,NSW,2075,2000-05-28 00:00:00,25,true,2015-09-01 00:00:00,true,003803709,THE SOFTWARE MILL PTY. LIMITED,"","","","",places/ChIJkbcPDelp1moRZ-pZ8UobtNs,Mill Software Pty Ltd,+61 1300 711 150,http://millsoftware.com.au/,"PO Box 4545, Mill Software, Central Park Rd, Malvern East VIC 3145, Australia",consultant,"consultant,service,point_of_interest,establishment",0.0,0,2026-03-10 02:17:51.826805
12072127452,SOFTWARE BEYOND 2000 PTY LTD,"",Australian Private Company,Active,ABR-Search,NSW,2173,2000-06-02 00:00:00,25,true,2000-07-01 00:00:00,true,072127452,SOFTWARE BEYOND 2000 PTY LTD,"","","","",places/ChIJJTNOtEOuEmsRiwD0RsCOQqg,Vision and Beyond,+61 2 9241 2442,http://www.vision-and-beyond.com.au/,"Suite 209/111 Harrington St, The Rocks NSW 2000, Australia",consultant,"consultant,point_of_interest,service,establishment",0.0,0,2026-03-10 02:18:34.026998
21083193793,Morrows Logistics,Manufacturing,Australian Private Company,Active,SEMMA,VIC,3006,2000-06-05 00:00:00,25,true,2000-07-01 00:00:00,true,083193793,MORROWS PTY. LTD.,"","","",https://semma.com.au/directory/page/3/,places/ChIJq6qqtVkU1moRLrKmUBSwdpE,Morrows Logistics,+61 3 9767 2600,http://morrowslogistics.com.au/,"3/500 Princes Hwy, Noble Park VIC 3174, Australia",point_of_interest,"point_of_interest,establishment",4.8,5,2026-03-10 02:16:06.970719
62093088996,PYER COMMUNICATIONS,General,Australian Private Company,Active,HobsonsBay,VIC,3016,2000-06-21 00:00:00,25,true,2000-07-01 00:00:00,true,093088996,RIHTERCOM PTY LTD,"","","",https://www.hobsonsbaybusiness.com.au/Business-Directory-Menu?dlv_OC%20CL%20Invest%20Business%20Directory%20Listing=(pageindex=19),places/ChIJlXl2mUZh1moRXvf7OGfZw5Y,Pyer Communications,+61 3 9397 7988,https://pyerphonesystemsmelbourne.com.au/,"Suite 7/2 Techno Park Dr, Williamstown VIC 3016, Australia",supplier,"supplier,manufacturer,point_of_interest,establishment",5.0,2,2026-03-10 02:32:43.059578
25006995491,Melbourne Brick,Manufacturing,Australian Private Company,Active,SEMMA,VIC,3933,2000-07-01 00:00:00,25,true,2000-07-01 00:00:00,true,006995491,MELBOURNE BRICK COMPANY PTY. LIMITED,"","","",https://semma.com.au/directory/,places/ChIJd9R0vARC1moRFFEtkZV8apI,Melbourne Brick,+61 1300 722 102,http://www.melbournebrick.com.au/?utm_source=google&utm_medium=organic&utm_campaign=Google%20My%20Business%20Page,"330 Tooronga Rd, Glen Iris VIC 3146, Australia",general_contractor,"general_contractor,service,point_of_interest,establishment",4.1,72,2026-03-10 02:14:28.534922
39093480810,2IC SOFTWARE PTY LTD,"",Australian Private Company,Active,ABR-Search,SA,5069,2000-07-01 00:00:00,25,true,2000-07-01 00:00:00,true,093480810,2IC SOFTWARE PTY LTD,"","","","",places/ChIJx5w4TF3JsGoRLyy1LfXLZXk,2ic Software,+61 8 7228 5211,https://2icsoftware.com/,"44 Nelson St, Stepney SA 5069, Australia",point_of_interest,"point_of_interest,establishment",5.0,1,2026-03-10 02:17:58.104496
12074222549,ICAL,Service Provider,Australian Private Company,Active,NorthLink-FoodSvc,NSW,2148,2000-07-01 00:00:00,25,true,2004-06-30 00:00:00,true,074222549,SYNTECHTRON PTY LTD,"","",https://ical.com.au/,https://northlink.org.au/melbournes-north-food-group/service-provider-directory/,places/ChIJqb4ZdPgUc2sRnHASgtUqBsI,ICAL International Customs & Logistics Pty Ltd,+61 2 4983 2390,http://ical.com.au/,"2 Portside Cres, Maryville NSW 2293, Australia",shipping_service,"shipping_service,transportation_service,service,point_of_interest,establishment",1.0,2,2026-03-12 21:17:12.187668
94093719245,RESOURCE MODELLING ASSOCIATES PTY LIMITED,"",Australian Private Company,Active,ABR-Search,NSW,2073,2000-07-11 00:00:00,25,true,2000-07-11 00:00:00,true,093719245,RESOURCE MODELLING ASSOCIATES PTY LIMITED,"","","","",places/ChIJMxwofCiwEmsRk83iC26ut8E,Resource Risk Management Pty Ltd.,+61 2 9571 7551,http://rrm.com.au/,"89/97 Jones St, Ultimo NSW 2007, Australia",consultant,"consultant,service,point_of_interest,establishment",5.0,1,2026-03-10 02:23:56.0163
33094304542,SYSTEMIZE PTY LTD,"",Australian Private Company,Active,ABR-Search,NSW,2337,2000-08-29 00:00:00,25,true,2000-08-29 00:00:00,true,094304542,SYSTEMIZE PTY LTD,"","","","",places/ChIJGRqmlfJrC2sRY1mvPqWr6YI,Systemize Pty Ltd,+61 416 047 797,http://www.systemize.com.au/,"20 Askin Cl, Scone NSW 2337, Australia",accounting,"accounting,consultant,finance,service,point_of_interest,establishment",5.0,5,2026-03-10 02:25:10.571298
78094326673,SYSTEMSOLVE PTY LTD,"",Australian Private Company,Active,ABR-Search,VIC,3149,2000-08-30 00:00:00,25,true,2000-08-30 00:00:00,true,094326673,SYSTEMSOLVE PTY LTD,"","","","",places/ChIJ3-pMf_ln1moReLQdEBsHJgo,Solve Communications,+61 3 9696 1234,https://www.solvecommunications.com.au/,"433 City Rd, South Melbourne VIC 3205, Australia",telecommunications_service_provider,"telecommunications_service_provider,point_of_interest,establishment",3.0,4,2026-03-10 02:25:05.502098
72094238356,SYSTEMNET PTY LIMITED,"",Australian Private Company,Active,ABR-Search,NSW,2022,2000-08-30 00:00:00,25,true,2000-09-01 00:00:00,true,094238356,SYSTEMNET PTY LIMITED,"","","","",places/ChIJIcW1ePCtEmsRc10UhEekJyw,Systemnet,+61 2 9386 2900,https://sn.com.au/,"43/35 Grafton St, Bondi Junction NSW 2022, Australia",consultant,"consultant,point_of_interest,service,establishment",3.7,3,2026-03-10 02:25:11.197261
60094339563,Farley LaserLab Australia,Manufacturing,Australian Private Company,Active,AMTIL,VIC,3020,2000-08-31 00:00:00,25,true,2000-08-31 00:00:00,true,094339563,HG - FARLEY LASERLAB CO. PTY LTD,"","","",https://amtil.com.au/directory/,places/ChIJAQY-yNxg1moR4Lc6_j6Q5LU,HG Farley LaserLab Australia,+61 3 9454 0834,http://www.farleylaserlab.com.au/,"3 Grace Ct, Sunshine West VIC 3020, Australia",manufacturer,"manufacturer,point_of_interest,establishment",0.0,0,2026-03-10 02:09:23.972986
24094608705,Monash Innovation Labs,Manufacturing,Australian Private Company,Active,AMTIL,VIC,3051,2000-09-27 00:00:00,25,true,2000-09-27 00:00:00,true,094608705,OUR COMMUNITY PTY. LTD.,"","","",https://amtil.com.au/directory/,places/ChIJT0XK7nBr1moRC7HaTJsJE7c,Monash Innovation Labs,+61 3 9905 8695,https://www.monash.edu/monash-innovation-labs,"23 College Walk, Clayton VIC 3168, Australia",university,"university,point_of_interest,educational_institution,establishment",5.0,1,2026-03-10 02:11:08.955576
95094711430,AOS Engineering,Manufacturing,Australian Private Company,Active,SEMMA,VIC,3803,2000-10-10 00:00:00,25,true,2000-10-10 00:00:00,true,094711430,A.O.S. ENGINEERING PTY LTD,"","","",https://semma.com.au/directory/,places/ChIJBWJIuS4R1moRUyAlt_zZ4gY,Aos Engineering PTY Ltd.,+61 3 9703 1411,https://aosengineering.com.au/,"24-32 Westpool Dr, Hallam VIC 3803, Australia",manufacturer,"manufacturer,service,point_of_interest,establishment",4.9,7,2026-03-10 02:13:15.493524
99094830145,Mack Valves Pty Ltd,Manufacturing,Australian Private Company,Active,SEMMA,VIC,3137,2000-10-20 00:00:00,25,true,2000-10-20 00:00:00,true,094830145,MACK VALVES PTY LTD,"","","",https://semma.com.au/directory/page/2/,places/ChIJSfHrZ9061moRjTkLV0HlOHg,Mack Valves Australia,+61 3 9737 5200,https://mackvalves.com/,"Unit 3/34 Garden St, Kilsyth VIC 3137, Australia",manufacturer,"manufacturer,point_of_interest,establishment",5.0,3,2026-03-10 02:15:54.591592
29095309809,EMBEDDED TECHNOLOGIES PTY LTD,"",Australian Private Company,Active,ABR-Search,VIC,3072,2000-12-06 00:00:00,25,true,2000-12-06 00:00:00,true,095309809,EMBEDDED TECHNOLOGIES PTY LTD,"","","","",places/ChIJ9QL4SnRG1moR8mj0hATxsO0,Embedded Technologies,+61 1300 780 015,http://www.ete.com.au/,"279 Dundas St, Preston VIC 3072, Australia",supplier,"supplier,manufacturer,point_of_interest,establishment",0.0,0,2026-03-10 02:21:11.489212
45095338668,Star Aluminium,Manufacturing,Australian Private Company,Active,SEMMA,VIC,3201,2000-12-08 00:00:00,25,true,2000-12-08 00:00:00,true,095338668,AKYUZ NOMINEES PTY LTD,"","","",https://semma.com.au/directory/,places/ChIJoaRpguFs1moRIvEU0VHJRUk,Star Aluminium,+61 1300 305 200,http://www.staraluminium.com.au/,"17-19 Lieber Grove, Carrum Downs VIC 3201, Australia",manufacturer,"manufacturer,point_of_interest,establishment",5.0,23,2026-03-10 02:13:26.441781
68095143481,Renishaw Oceania Pty Ltd,Manufacturing,Australian Private Company,Active,AMTIL,VIC,3173,2000-12-21 00:00:00,25,true,2001-01-01 00:00:00,true,095143481,RENISHAW OCEANIA PTY. LTD.,"","","",https://amtil.com.au/directory/,places/ChIJp9ru6xxv1moRzA0AZyLZFns,Renishaw Oceania Pty Ltd.,+61 3 9521 0922,https://www.renishaw.com/,"6 Keysborough Cl, Keysborough VIC 3173, Australia",manufacturer,"manufacturer,point_of_interest,establishment",5.0,3,2026-03-10 02:12:00.012088
12095951205,SOFTWARE NORTH PTY LIMITED,"",Australian Private Company,Active,ABR-Search,NSW,2477,2001-02-19 00:00:00,25,true,2001-02-19 00:00:00,true,095951205,SOFTWARE NORTH PTY LIMITED,"","","","",places/ChIJt5y48JOCkGsR8O2d0rmjrKU,Software North,+61 2 6628 1274,https://softwarenorth.com.au/,"101-103 Main St, Alstonville NSW 2477, Australia",finance,"finance,point_of_interest,service,establishment",5.0,1,2026-03-10 02:17:16.200146
25096527605,LOGIC PLUS PTY LTD,"",Australian Private Company,Active,ABR-Search,SA,5000,2001-05-16 00:00:00,24,true,2002-07-01 00:00:00,true,096527605,LOGIC PLUS PTY LTD,"","","","",places/ChIJNfTeBi2vEmsRerrd9Td6cSM,Logic IQ Pty Ltd,+61 411 311 006,"","84 Pitt St, Sydney NSW 2000, Australia",point_of_interest,"point_of_interest,establishment",0.0,0,2026-03-10 02:28:12.704637
65096841244,NEXUS6 SOFTWARE PTY LTD,"",Australian Private Company,Active,ABR-Search,VIC,3067,2001-06-01 00:00:00,24,true,2001-06-01 00:00:00,true,096841244,NEXUS6 SOFTWARE PTY LTD,"","","","",places/ChIJr1tZ2t5C1moRh3PZfQ7G0xk,Nexus6 Software Pty Ltd,+61 3 9419 1922,https://www.n6.com.au/,"3.04/17-19 Yarra St, Abbotsford VIC 3067, Australia",point_of_interest,"point_of_interest,establishment",5.0,3,2026-03-10 02:18:18.919639
53096731467,Chobani Yogurt,Manufacturing,Australian Private Company,Active,SEMMA,VIC,3175,2001-06-19 00:00:00,24,true,2001-07-01 00:00:00,true,096731467,CHOBANI PTY LTD,"","","",https://semma.com.au/directory/page/2/,places/ChIJgy3hnjUS1moR5Y0aPkp_a4k,Chobani Australia,+61 3 9706 4707,http://www.chobani.com.au/,"18/20 Quality Dr, Dandenong South VIC 3175, Australia",manufacturer,"manufacturer,point_of_interest,establishment",3.6,36,2026-03-10 02:15:06.779764
68083353995,AERONAUT AUTOMATION PTY LIMITED,"",Australian Private Company,Active,ABR-Search,NSW,2084,2001-06-26 00:00:00,24,true,2001-07-01 00:00:00,true,083353995,AERONAUT AUTOMATION PTY LIMITED,"","","","",places/ChIJw9AXBIVWDWsRV5z6TUiGzLY,Aeronaut Automation,+61 2 9450 0800,https://www.aeronaut.org/,"4 Tepko Rd, Terrey Hills NSW 2084, Australia",manufacturer,"manufacturer,point_of_interest,establishment",5.0,6,2026-03-10 02:20:07.25043
95097348055,Arrow Laser Australia Pty Ltd,Manufacturing,Australian Private Company,Active,AMTIL,VIC,3061,2001-07-01 00:00:00,24,true,2001-07-01 00:00:00,true,097348055,ARROW LASER AUSTRALIA PTY. LTD.,"","","",https://amtil.com.au/directory/,places/ChIJFy1FP0hP1moRe0DiP7lGDKI,Arrow Laser,+61 3 9303 9188,https://www.arrowlaser.com.au/,"73 Metrolink Cct, Campbellfield VIC 3061, Australia",manufacturer,"point_of_interest,manufacturer,establishment",5.0,1,2026-03-10 02:07:46.875705
97097361898,E-STRUCT BIM ENGINEERING MODELLING,"",Australian Private Company,Active,ABR-Search,VIC,3199,2001-07-01 00:00:00,24,true,2001-07-01 00:00:00,true,097361898,E-STRUCT PTY. LTD.,"","","","",places/ChIJUz8QKtBP1moRxJhQ5pYVPpI,E2E Design Group,+61 3 9465 1191,https://www.e2edesign.com.au/,"Level 2, Suite 29/20 Enterprise Dr, Bundoora VIC 3074, Australia",general_contractor,"general_contractor,consultant,point_of_interest,service,establishment",5.0,1,2026-03-10 02:24:40.069765
20097402750,PLATFORM DATA,"",Australian Private Company,Active,ABR-Search,NSW,2000,2001-07-01 00:00:00,24,true,2021-11-08 00:00:00,true,097402750,MARTIN NEARHOS PTY LTD,"","","","",places/ChIJmYxuHmquEmsRDVhpmt-NG_s,Platform DB,+61 1300 564 597,https://platformdb.com/,"L10/88 Pitt St, Sydney NSW 2000, Australia",point_of_interest,"point_of_interest,establishment",5.0,5,2026-03-10 02:25:40.306493
52097769910,Diamond Abrasives Australia,Manufacturing,Australian Private Company,Active,AMTIL,VIC,3068,2001-09-01 00:00:00,24,true,2001-09-01 00:00:00,true,097769910,CAELLIE PTY. LTD.,"","","",https://amtil.com.au/directory/,places/ChIJqX-Y2VFs1moRRAarfixKfZs,Diamond Plating Australia,+61 3 9584 5566,https://diamondplating.com.au/,"13 Shearson Cres, Mentone VIC 3194, Australia",supplier,"supplier,manufacturer,point_of_interest,establishment",4.9,45,2026-03-10 02:08:57.381277
44098080892,Summers Engineering,Manufacturing,Australian Private Company,Active,AMTIL,NSW,2100,2001-09-06 00:00:00,24,true,2001-09-06 00:00:00,true,098080892,KBE PTY LIMITED,"","","",https://amtil.com.au/directory/,places/ChIJlxIvEF-qEmsRZtILjT8nN50,Summers Engineering,+61 2 9905 1472,http://www.summersengineering.com.au/,"2/13/15 Ethel Ave, Brookvale NSW 2100, Australia",manufacturer,"manufacturer,point_of_interest,establishment",5.0,2,2026-03-12 21:30:17.741292
50098767821,Floridia Cheese,Manufacturing,Australian Private Company,Active,NorthLink-FoodMfg,VIC,3074,2001-11-22 00:00:00,24,true,2001-12-01 00:00:00,true,098767821,FLORIDIA CHEESE PTY LTD,"","",https://www.floridiacheese.com.au/,https://northlink.org.au/melbournes-north-food-group/manufacturer-directory/,places/ChIJRd6f42hP1moRNLBE88U7_Vw,Floridia Cheese,+61 3 9464 2600,https://floridiacheese.com.au/?utm_source=google&utm_medium=organic&utm_campaign=gbp,"327 Settlement Rd, Thomastown VIC 3074, Australia",food_store,"food_store,food,point_of_interest,manufacturer,store,establishment",4.7,89,2026-03-10 02:05:50.258589
32098747927,The LaserXperts Pty Ltd,Manufacturing,Australian Private Company,Active,AMTIL,NSW,2484,2001-12-06 00:00:00,24,true,2002-01-01 00:00:00,true,098747927,THE LASERXPERTS PTY LTD,"","","",https://amtil.com.au/directory/,places/ChIJdZfbPHPwkGsRew69EaT5yWs,The Laserxperts Pty Ltd,+61 2 6672 1777,http://www.laser-x-perts.com.au/,"95/87 Quarry Rd, South Murwillumbah NSW 2484, Australia",manufacturer,"manufacturer,point_of_interest,establishment",0.0,0,2026-03-10 02:12:38.890303
82099070872,Shearform Industries Pty Ltd,Manufacturing,Australian Private Company,Active,AMTIL,VIC,3175,2002-03-01 00:00:00,24,true,2002-03-01 00:00:00,true,099070872,SHEARFORM PTY LTD,"","","",https://amtil.com.au/directory/,places/ChIJ_R8yMtQT1moRPTt8Dy0ZM00,Shearform,+61 3 9706 5100,http://www.shearform.com.au/,"5 Kitchen Rd, Dandenong South VIC 3175, Australia",manufacturer,"manufacturer,point_of_interest,establishment",2.7,12,2026-03-10 02:12:14.414558
31005917322,SOFTWARE PARAMETERS PTY. LIMITED,"",Australian Private Company,Active,ABR-Search,VIC,3065,2002-04-10 00:00:00,23,true,2002-04-10 00:00:00,true,005917322,SOFTWARE PARAMETERS PTY. LIMITED,"","","","",places/ChIJzyj4wgpG1moRABTe-RPIL7Y,Power Parameters PTY Ltd.,+61 1800 623 350,https://powerparameters.com.au/,"Unit 24 and, 25/1 International Dr, Westmeadows VIC 3049, Australia",service,"point_of_interest,service,establishment",5.0,2,2026-03-10 02:17:18.147409
79100338896,BBS Flooring Products Pty Ltd,Manufacturing,Australian Private Company,Active,SEMMA,VIC,3175,2002-04-15 00:00:00,23,true,2002-04-15 00:00:00,true,100338896,BBS FLOORING PRODUCTS PTY LTD,"","","",https://semma.com.au/directory/page/2/,places/ChIJ0RCvu9kT1moR9ky-mAj2FBA,BBS Flooring Products,+61 3 9793 2244,https://www.bbscarpetgripper.com.au/contact,"75 Zenith Rd, Dandenong South VIC 3175, Australia",manufacturer,"manufacturer,point_of_interest,establishment",5.0,3,2026-03-10 02:14:46.159995
19100736294,Apprenticeship Careers Australia,Manufacturing,Australian Private Company,Active,SEMMA,VIC,2000,2002-05-30 00:00:00,23,true,2002-05-30 00:00:00,true,100736294,ALLIANCE HEALTH SERVICES GROUP PTY LIMITED,"","","",https://semma.com.au/directory/,places/ChIJp2nG3slC1moRLneYrr1TnU4,Apprenticeship Support Australia,+61 1300 363 831,https://www.apprenticeshipsupport.com.au/,"Level 6/2 Lonsdale St, Melbourne VIC 3000, Australia",point_of_interest,"point_of_interest,establishment",4.3,11,2026-03-10 02:13:30.731966
71046520474,Moka Foods,Manufacturing,Family Partnership,Active,NorthLink-FoodMfg,VIC,3026,2002-06-03 00:00:00,23,true,2002-06-03 00:00:00,true,"",MOKA FOODS PARTNERSHIP,"","",https://www.mokafoods.com.au/,https://northlink.org.au/melbournes-north-food-group/manufacturer-directory/,places/ChIJocz-5gqK1moRzsRXeMWxl3M,Moka Foods,+61 3 9369 1120,https://www.mokafoods.com.au/,"150-154 Dohertys Rd, Laverton North VIC 3026, Australia",discount_store,"discount_store,supplier,manufacturer,wholesaler,food,point_of_interest,store,establishment",4.7,13,2026-03-10 02:06:03.679192
43100913344,Garnic Technologies,Manufacturing,Australian Private Company,Active,SEMMA,VIC,3175,2002-06-14 00:00:00,23,true,2002-06-14 00:00:00,true,100913344,GARNIC TECHNOLOGIES PTY LTD,"","","",https://semma.com.au/directory/,places/ChIJT8FGrDkS1moRizI_2mRtTxo,Garnic Technologies,+61 3 9792 0461,http://www.powdercoatingequipment.com.au/,"56-60 Deans Ct, Dandenong South VIC 3175, Australia",consultant,"consultant,manufacturer,service,point_of_interest,establishment",3.7,3,2026-03-10 02:13:34.685719
96100927848,"Precision Beam, A Division of Ladder Solutions",Manufacturing,Australian Private Company,Active,AMTIL,NSW,2567,2002-06-18 00:00:00,23,true,2002-06-18 00:00:00,true,100927848,LADDER SOLUTIONS PTY LIMITED,"","","",https://amtil.com.au/directory/,places/ChIJM8PMjfbuEmsR4sq7J5U_wOU,Ladder Solutions Pty Ltd,+61 2 4648 4011,http://www.laddersolutions.com.au/,"Unit 5/49 Anderson Rd, Smeaton Grange NSW 2567, Australia",storage,"storage,point_of_interest,establishment",5.0,5,2026-03-10 02:11:45.176242
24100616868,Integrated Design & Engineering Solutions,Manufacturing,Australian Private Company,Active,SEMMA,VIC,2322,2002-06-22 00:00:00,23,true,2002-07-01 00:00:00,true,100616868,INTEGRATED DESIGN & ENGINEERING SOLUTIONS PTY LTD,"","","",https://semma.com.au/directory/page/2/,places/ChIJUUL-tdIU1moRFDVbBBZat9s,IDES,+61 3 8551 2000,http://www.ides.com.au/,"5/2/4 Federation Way, Moorabbin Airport VIC 3194, Australia",corporate_office,"corporate_office,consultant,service,point_of_interest,manufacturer,establishment",0.0,0,2026-03-10 02:15:18.542905
30100956232,Plastool,Manufacturing,Australian Private Company,Active,AMTIL,VIC,3195,2002-06-27 00:00:00,23,true,2002-07-01 00:00:00,true,100956232,PLASTOOL INTERNATIONAL PTY. LTD.,"","","",https://amtil.com.au/directory/,places/ChIJjz1qcgFt1moRmbNOgyQooEs,Plastool,+61 3 9588 2555,http://plastool.com.au/,"70 Bond St W, Mordialloc VIC 3195, Australia",point_of_interest,"point_of_interest,establishment",5.0,1,2026-03-10 02:11:39.792264
20083722276,CNC Machinery Sales Australia Pty Ltd,Manufacturing,Australian Private Company,Active,AMTIL,NSW,2107,2002-06-30 00:00:00,23,true,2002-06-30 00:00:00,true,083722276,20 083 722 276 PTY LTD,"","","",https://amtil.com.au/directory/,places/ChIJFRgdNOfdm2sRNh2AgFdAf7g,cnc machinery sales australia,+61 1300 262 622,http://www.cncmachinery.com.au/,"24 Swallow Rd, South Grafton NSW 2460, Australia",point_of_interest,"point_of_interest,establishment",5.0,1,2026-03-10 02:08:42.418058
75101783055,AUTOMATION & ENERGY SOLUTIONS PTY LTD,"",Australian Private Company,Active,ABR-Search,SA,5041,2002-08-21 00:00:00,23,true,2002-08-21 00:00:00,true,101783055,AUTOMATION & ENERGY SOLUTIONS PTY LTD,"","","","",places/ChIJR0iJNhn1uycR32TiIOg-KKg,Energy Solutions South Australia Pty Ltd,+61 448 035 412,https://www.energysolutionssa.com.au/,"32 Nelson St, Marion Bay SA 5575, Australia",general_contractor,"general_contractor,electrician,service,point_of_interest,establishment",5.0,1,2026-03-10 02:20:38.642111
13102301922,Calm Aluminium Pty Ltd,Manufacturing,Australian Private Company,Active,AMTIL,NSW,2566,2002-09-24 00:00:00,23,true,2002-09-24 00:00:00,true,102301922,CALM ALUMINIUM PTY LTD,"","","",https://amtil.com.au/directory/,places/ChIJ8fW8GRzsEmsRGmzprR5Vs9I,Calm Aluminium,+61 2 9603 6486,http://www.calm-aluminium.com.au/,"28 Saggart Field Rd, Minto NSW 2566, Australia",supplier,"supplier,manufacturer,point_of_interest,establishment",5.0,4,2026-03-10 02:08:25.156058
52102319102,Royal Nut Company,Manufacturing,Australian Private Company,Active,NorthLink-FoodMfg,VIC,3056,2002-10-10 00:00:00,23,true,2002-10-10 00:00:00,true,102319102,P MIRCHANDANI PTY LTD,"","",https://www.royalnutcompany.com.au/,https://northlink.org.au/melbournes-north-food-group/manufacturer-directory/,places/ChIJke92p1RD1moRE8Jlfj7_Y3Y,Royal Nut Company,+61 3 9383 5555,http://www.royalnutcompany.com.au/,"60 Fallon St, Brunswick VIC 3056, Australia",health_food_store,"health_food_store,candy_store,confectionery,food_store,health,food,point_of_interest,store,establishment",4.6,399,2026-03-10 02:06:12.266472
13102455087,ELMO Software,Manufacturing,Australian Private Company,Active,AMTIL,NSW,2000,2002-10-11 00:00:00,23,true,2002-10-11 00:00:00,true,102455087,ELMO SOFTWARE PTY LTD,"","","",https://amtil.com.au/directory/,places/ChIJSX-cJ_KtEmsRGUtnB3Am0Lc,ELMO Software,+61 2 8305 4600,http://elmosoftware.com.au/,"level 27/580 George St, Sydney NSW 2000, Australia",service,"point_of_interest,service,establishment",3.3,23,2026-03-10 02:09:13.335824
85102680580,Australian Illustration and Modelling Co. Pty Ltd,"",Australian Private Company,Active,ABR-Search,NSW,2017,2002-10-31 00:00:00,23,true,2002-10-31 00:00:00,true,102680580,Australian Illustration and Modelling Co. Pty Ltd,"","","","",places/ChIJF-IGqANVDWsRWUbNHqyOboo,Australian Illustration and Modelling Co. Pty Ltd,+61 2 9313 6857,"","Unit 901/15 Gadigal Ave, Zetland NSW 2017, Australia",service,"service,point_of_interest,establishment",0.0,0,2026-03-10 02:23:27.793208
62102702714,Rebul Packaging Pty Ltd,Manufacturing,Australian Private Company,Active,AMTIL,VIC,4106,2002-11-01 00:00:00,23,true,2002-11-01 00:00:00,true,102702714,REBUL PACKAGING PTY LTD,"","","",https://amtil.com.au/directory/,places/ChIJH2IvsToR1moRphc01dLXX6Y,Rebul Packaging - Melbourne,+61 3 8795 7123,http://www.rebul.com.au/,"3/4 Industry Pl, Bayswater VIC 3153, Australia",manufacturer,"manufacturer,point_of_interest,establishment",4.1,12,2026-03-10 02:11:57.822202
43102807572,Multicam Systems Pty Ltd,Manufacturing,Australian Private Company,Active,AMTIL,NSW,2322,2002-12-01 00:00:00,23,true,2002-12-01 00:00:00,true,102807572,MULTICAM SYSTEMS PTY LIMITED,"","","",https://amtil.com.au/directory/,places/ChIJ5_h_RuNAc2sR9ED3jayps9A,Multicam CNC Routing Systems,+61 2 4964 1900,https://multicam.com.au/,"60 Enterprise Dr, Beresfield NSW 2322, Australia",manufacturer,"manufacturer,building_materials_store,supplier,point_of_interest,store,establishment",3.3,6,2026-03-10 02:11:13.092188
41103164389,Qmani Pty Ltd,Manufacturing,Australian Private Company,Active,AMTIL,VIC,3101,2002-12-13 00:00:00,23,true,2002-12-13 00:00:00,true,103164389,QMANI PTY LTD,"","","",https://amtil.com.au/directory/,places/ChIJUeU_DMhD1moRqS0sMSFlcds,Qmani Pty Ltd,+61 3 9855 2013,https://www.qmani.com/,"Level 1/261 - 267 High St, Ashburton VIC 3147, Australia",telecommunications_service_provider,"telecommunications_service_provider,point_of_interest,establishment",5.0,1,2026-03-10 02:11:54.148824
96005125833,Bordo International Pty Ltd,Manufacturing,Australian Private Company,Active,AMTIL,VIC,3180,2003-01-01 00:00:00,23,true,2003-01-01 00:00:00,true,005125833,BORDO INTERNATIONAL PTY LTD,"","","",https://amtil.com.au/directory/,places/ChIJc6JNOsM91moRKC_hBTqSzWc,Bordo International Pty Ltd,+61 3 9212 7000,https://www.bordo.com.au/,"3 Kingston Park Ct, Knoxfield VIC 3180, Australia",supplier,"supplier,manufacturer,wholesaler,point_of_interest,establishment",4.3,4,2026-03-10 02:08:11.500534
36103573806,Procal Dairies,Manufacturing,Australian Private Company,Active,NorthLink-FoodMfg,VIC,3061,2003-02-01 00:00:00,23,true,2003-02-01 00:00:00,true,103573806,Procal Dairies Pty Ltd,"","",https://www.procal.com.au/,https://northlink.org.au/melbournes-north-food-group/manufacturer-directory/,places/ChIJi5yoOChQ1moRsdYbD4KZYxU,Procal Dairies,+61 1300 776 225,http://www.procal.com.au/,"6/183-187 Northbourne Rd, Campbellfield VIC 3061, Australia",food,"food,wholesaler,supplier,point_of_interest,establishment",4.4,33,2026-03-10 02:06:09.635267
65103611990,EMBEDDED DESIGN AND DISTRIBUTION PTY LTD,"",Australian Private Company,Active,ABR-Search,NSW,2080,2003-02-05 00:00:00,23,true,2003-02-05 00:00:00,true,103611990,EMBEDDED DESIGN AND DISTRIBUTION PTY LTD,"","","","",places/ChIJRa9yot1ZDWsRfWgXC3nWcQo,Kontron Australia,+61 2 9457 0047,http://kontron.au/,"16/12 Yatala Rd, Mount Kuring-gai NSW 2080, Australia",manufacturer,"point_of_interest,manufacturer,establishment",0.0,0,2026-03-10 02:21:20.179881
85103886308,Jim’s Machines and Accessories,Manufacturing,Australian Private Company,Active,AMTIL,NSW,2144,2003-02-26 00:00:00,23,true,2003-04-01 00:00:00,true,103886308,OUTSOURCED MANUFACTURING SERVICES PTY LIMITED,"","","",https://amtil.com.au/directory/,places/ChIJsecZXGfjEmsRrqWB_k-Rs7o,JIM'S MACHINES & ACCESSORIES,+61 414 646 212,http://jimsmachines.com.au/,"10 Kennedy Grove, Appin NSW 2560, Australia",point_of_interest,"point_of_interest,establishment",3.0,2,2026-03-10 02:10:22.170415
34103965411,Data Modelling Agency,"",Australian Private Company,Active,ABR-Search,NSW,2073,2003-04-07 00:00:00,22,true,2003-04-07 00:00:00,true,103965411,LEARNING INVESTMENTS GROUP PTY LTD,"","","","",places/ChIJrW40Yg6uEmsRlMN7_s0DUNk,WINK Models,+61 2 8005 4388,http://www.winkmodels.com.au/,"85 William St, Darlinghurst NSW 2010, Australia",service,"service,point_of_interest,establishment",4.8,69,2026-03-10 02:23:35.327854
46104468091,Metplas Pty Ltd,Manufacturing,Australian Private Company,Active,AMTIL,NSW,2099,2003-05-01 00:00:00,22,true,2003-05-01 00:00:00,true,104468091,METPLAS PTY LTD,"","","",https://amtil.com.au/directory/,places/ChIJ_Q7NDnxVDWsRWg_IN3xdfEw,Metplas Pty Ltd,+61 2 9982 2488,https://www.metplas.com.au/,"93-99 S Creek Rd, Dee Why NSW 2099, Australia",manufacturer,"manufacturer,point_of_interest,establishment",5.0,1,2026-03-10 02:11:03.256177
76104582489,SYSTEMA GROUP PTY. LTD.,"",Australian Private Company,Active,ABR-Search,VIC,3189,2003-05-01 00:00:00,22,true,2003-05-01 00:00:00,true,104582489,SYSTEMA GROUP PTY. LTD.,"","","","",places/ChIJvSQlAJxu1moRV4TFzrjFx38,Systema Group,+61 3 9532 2253,http://systemagroup.com.au/,"Suite 27/477 Warrigal Rd, Moorabbin VIC 3189, Australia",accounting,"accounting,finance,service,point_of_interest,establishment",5.0,4,2026-03-10 02:24:53.918885
30105036628,DATACALL TELEMETRY PTY LTD,"",Australian Private Company,Active,ABR-Search,VIC,3500,2003-06-10 00:00:00,22,true,2003-06-10 00:00:00,true,105036628,DATACALL TELEMETRY PTY LTD,"","","","",places/ChIJmYgrzEEDw2oR5z9yue-t3gw,Datacall Telemetry,+61 3 9036 2269,http://www.datacall.net.au/,"432 San Mateo Ave, Mildura VIC 3500, Australia",corporate_office,"corporate_office,point_of_interest,establishment",5.0,1,2026-03-10 02:18:44.513953
60005079587,Wallara,Manufacturing,Australian Private Company,Active,NorthLink-MfgPartner,VIC,3996,2003-07-01 00:00:00,22,true,2011-06-01 00:00:00,true,005079587,WALLARA PTY. LTD.,"","",https://wallara.com.au/,https://northlink.org.au/melbournes-north-advanced-manufacturing-group/partner-directory/,places/ChIJsUg6-gwU1moRQ4YFqYf2afk,Wallara,+61 3 9792 2985,http://www.wallara.com.au/,"160 Bridge Rd, Keysborough VIC 3173, Australia",non_profit_organization,"non_profit_organization,service,association_or_organization,point_of_interest,establishment",4.0,31,2026-03-10 02:07:07.775395
35104999493,UNeek Bending Co Pty Ltd,Manufacturing,Australian Private Company,Active,SEMMA,VIC,3175,2003-07-01 00:00:00,22,true,2003-07-01 00:00:00,true,104999493,U-NEEK BENDING CO. PTY LTD,"","","",https://semma.com.au/directory/,places/ChIJZT3rHEUS1moR9xmWd7Yt71c,Uneek Bending Co Pty Ltd,+61 3 9771 4900,http://www.uneek.com.au/,"63 Mark Anthony Dr, Dandenong South VIC 3175, Australia",manufacturer,"manufacturer,point_of_interest,service,establishment",5.0,7,2026-03-10 02:14:10.751317
66005075052,Vawdrey Australia,Manufacturing,Australian Private Company,Active,SEMMA,VIC,3175,2003-07-01 00:00:00,22,true,2003-07-01 00:00:00,true,005075052,VAWDREY AUSTRALIA PTY. LTD.,"","","",https://semma.com.au/directory/page/2/,places/ChIJd5_2QHIR1moRkA1iFQgsoaQ,Vawdrey Semi Trailers,+61 3 9797 3700,http://vawdrey.com.au/,"1-53 Quantum Cl, Dandenong South VIC 3175, Australia",truck_dealer,"truck_dealer,car_repair,service,point_of_interest,manufacturer,store,establishment",3.8,20,2026-03-10 02:15:40.541594
91105348374,Balcombe Engineering Pty Ltd,Manufacturing,Australian Private Company,Active,SEMMA,VIC,3195,2003-07-01 00:00:00,22,true,2003-07-01 00:00:00,true,105348374,BALCOMBE ENGINEERING PTY LIMITED,"","","",https://semma.com.au/directory/page/3/,places/ChIJ2_eSUf1s1moRzVAROIQ9Sd0,Balcombe Engineering,+61 3 9554 0900,https://baleng.com.au/,"25-26 National Dr, Hallam VIC 3803, Australia",manufacturer,"manufacturer,supplier,point_of_interest,establishment",0.0,0,2026-03-10 02:16:34.368919
52004791511,ePac Flexible Packaging,Service Provider,Australian Private Company,Active,NorthLink-FoodSvc,VIC,3065,2003-07-01 00:00:00,22,true,2003-07-01 00:00:00,true,004791511,EPAC PROPRIETARY LIMITED,"","",https://epacflexibles.com/en-au/,https://northlink.org.au/melbournes-north-food-group/service-provider-directory/,places/ChIJz5iflRJF1moRNtU2w5boddM,ePac Flexible Packaging,+61 481 056 288,http://epacflexibles.com/en-au/?utm_source=gmb&utm_medium=organic&utm_campaign=gmb-melbourne,"105 Newlands Rd & 4, 6 Gawan Loop, Coburg North VIC 3058, Australia",manufacturer,"manufacturer,point_of_interest,establishment",4.6,9,2026-03-12 21:16:57.537306
89105418835,Smile Point Dental Centre,General,Australian Private Company,Active,HobsonsBay,VIC,3028,2003-07-04 00:00:00,22,true,2003-07-04 00:00:00,true,105418835,VARSI PTY. LTD.,"","","",https://www.hobsonsbaybusiness.com.au/Business-Directory-Menu?dlv_OC%20CL%20Invest%20Business%20Directory%20Listing=(pageindex=22),places/ChIJ-Rb8xLSJ1moRoj-XZ7JeINs,Smile Point Dental Centre,+61 3 8360 9660,https://smilepoint.com.au/,"23 Point Cook Rd, Altona Meadows VIC 3028, Australia",dentist,"dentist,dental_clinic,doctor,medical_clinic,health,point_of_interest,establishment",4.6,82,2026-03-10 02:33:08.610422
55105463616,Multipanel,Manufacturing,Australian Private Company,Active,SEMMA,VIC,3201,2003-07-09 00:00:00,22,true,2003-07-09 00:00:00,true,105463616,MULTIPANEL PTY LTD,"","","",https://semma.com.au/directory/,places/ChIJh4oIxHbf1WoR1isWMuGhOAU,MULTIPANEL,+61 3 9787 2544,http://www.multipanel.com.au/,"7 Sonia St, Carrum Downs VIC 3201, Australia",point_of_interest,"point_of_interest,establishment",4.2,5,2026-03-10 02:13:17.943428
46105521453,My Metals Pty Ltd,Manufacturing,Australian Private Company,Active,AMTIL,NSW,2850,2003-07-14 00:00:00,22,true,2003-07-14 00:00:00,true,105521453,MY METALS PTY LTD,"","","",https://amtil.com.au/directory/,places/ChIJe9GyJCztEmsR7klex2l0gSA,Complete Metal Industries (CMI),+61 1800 888 264,https://completemetal.com.au/,"38 York Rd, Ingleburn NSW 2565, Australia",auto_parts_store,"auto_parts_store,car_repair,point_of_interest,service,store,establishment",4.4,12,2026-03-10 02:11:14.215914
80105995542,LOGIC GROUP PTY. LTD.,"",Australian Private Company,Active,ABR-Search,NSW,2147,2003-08-20 00:00:00,22,true,2003-08-20 00:00:00,true,105995542,LOGIC GROUP PTY. LTD.,"","","","",places/ChIJq6qayHmiEmsReiT0mHH_1zQ,Logic Group Pty. Ltd.,"","","Unit 1/25 Bearing Rd, Seven Hills NSW 2147, Australia",point_of_interest,"point_of_interest,establishment",0.0,0,2026-03-10 02:27:54.629894
31106092068,BusinessHub Pty Ltd,Manufacturing,Australian Private Company,Active,"AMTIL,SEMMA",VIC,3008,2003-09-01 00:00:00,22,true,2003-09-01 00:00:00,true,106092068,BUSINESSHUB PTY LTD,"","","",https://amtil.com.au/directory/,places/ChIJV-ym1Vld1moRiUtknNyh7Vk,BusinessHub,+61 1300 733 071,https://businesshub.com.au/,"Suite 224/838 Collins St, Docklands VIC 3008, Australia",consultant,"consultant,point_of_interest,service,establishment",5.0,5,2026-03-10 02:13:45.532902
31106625432,Datco Industries Pty Ltd,Manufacturing,Australian Private Company,Active,SEMMA,VIC,3201,2003-10-09 00:00:00,22,true,2003-10-09 00:00:00,true,106625432,DATCO INDUSTRIES PTY. LTD.,"","","",https://semma.com.au/directory/page/3/,places/ChIJk7wXKcAM1moR991uAGHdkxc,Datco Industries,+61 3 9775 1530,https://www.datco.com.au/,"21 Capital Pl, Carrum Downs VIC 3201, Australia",manufacturer,"point_of_interest,manufacturer,establishment",4.9,34,2026-03-10 02:16:30.401121
11106371439,Sheetmetal Machinery Australia Pty Ltd,Manufacturing,Australian Private Company,Active,AMTIL,VIC,3765,2003-10-10 00:00:00,22,true,2003-10-10 00:00:00,true,106371439,SHEETMETAL MACHINERY AUSTRALIA PTY. LTD.,"","","",https://amtil.com.au/directory/,places/ChIJXePmnl881moRXSwjYdwyanU,Sheetmetal Machinery Australia Pty Ltd,+61 3 9758 9377,http://www.sheetmetalmachinery.com.au/,"Unit 46/756 Burwood Hwy, Ferntree Gully VIC 3156, Australia",building_materials_store,"building_materials_store,supplier,manufacturer,point_of_interest,store,establishment",5.0,2,2026-03-10 02:12:15.232649
88106739584,Ultimate Laser Pty Ltd,Manufacturing,Australian Private Company,Active,AMTIL,VIC,3175,2003-10-20 00:00:00,22,true,2003-10-20 00:00:00,true,106739584,ULTIMATE LASER PTY. LTD.,"","","",https://amtil.com.au/directory/,places/ChIJ21kqaDBF1moR8c4mcFD_9Pw,Ultimate Skin Aesthetics,+61 433 420 915,https://www.ultimateskinaesthetic.com.au/,"G05/47 Simpson St, Northcote VIC 3070, Australia",beauty_salon,"beauty_salon,hair_care,medical_clinic,service,point_of_interest,health,establishment",4.7,27,2026-03-10 02:12:48.943306
94107003574,LOGIC FILMS PTY LTD,"",Australian Private Company,Active,ABR-Search,SA,5081,2003-11-11 00:00:00,22,true,2003-11-11 00:00:00,true,107003574,LOGIC FILMS PTY LTD,"","","","",places/ChIJa_ACANHOsGoRzCa6k3BvFqg,Logic Films,+61 8 8232 8580,http://www.logicfilms.com/,"Level 1/82 Walkerville Terrace, Walkerville SA 5081, Australia",service,"point_of_interest,service,establishment",5.0,6,2026-03-10 02:27:48.212751
94107666624,Only About Children Altona North,General,Australian Private Company,Active,HobsonsBay,NSW,2089,2004-02-01 00:00:00,22,true,2004-02-01 00:00:00,true,107666624,ONLY ABOUT CHILDREN PTY LTD,"","","",https://www.hobsonsbaybusiness.com.au/Business-Directory-Menu?dlv_OC%20CL%20Invest%20Business%20Directory%20Listing=(pageindex=17),places/ChIJV4tAbcRm1moRLHmSZcx5RKM,Only About Children Williamstown,+61 138622,https://www.oac.edu.au/centres/melbourne/williamstown/?utm_source=google&utm_medium=organic&utm_campaign=gmb-listing&utm_content=williamstown,"19-23 Power St, Williamstown VIC 3016, Australia",child_care_agency,"child_care_agency,service,point_of_interest,establishment",4.0,20,2026-03-10 02:32:24.328885
57107937888,AUTOMATION ASAP PTY LTD,"",Australian Private Company,Active,ABR-Search,VIC,3195,2004-02-10 00:00:00,22,true,2004-02-10 00:00:00,true,107937888,AUTOMATION ASAP PTY LTD,"","","","",places/ChIJYZi_EfI71moRtTm_PmTwMR8,Automation Systems and Controls Pty Ltd,+61 3 9720 0211,http://asconline.com.au/,"Unit 24/11 Havelock Rd, Bayswater VIC 3153, Australia",manufacturer,"manufacturer,point_of_interest,service,establishment",5.0,5,2026-03-10 02:19:05.784318
11108143719,Meadows Life Chiropractic Health & Wellness Centre,General,Australian Private Company,Active,HobsonsBay,VIC,3030,2004-03-15 00:00:00,21,true,2004-03-15 00:00:00,true,108143719,AYDIMAX PTY LTD,"","","",https://www.hobsonsbaybusiness.com.au/Business-Directory-Menu?dlv_OC%20CL%20Invest%20Business%20Directory%20Listing=(pageindex=15),places/ChIJPdHzFZWJ1moRGpU9p2L6vHg,Meadows Life Chiropractic Health & Wellness Centre,+61 3 9315 8888,https://meadowslifechiro.com.au/,"31 Central Ave, Altona Meadows VIC 3028, Australia",chiropractor,"chiropractor,sauna,public_bath,massage,spa,health,service,point_of_interest,establishment",4.8,28,2026-03-10 02:32:04.30636
44108605189,LOGIC AUTOMATION PTY LTD,"",Australian Private Company,Active,ABR-Search,NSW,2229,2004-04-02 00:00:00,21,true,2004-04-02 00:00:00,true,108605189,LOGIC AUTOMATION PTY LTD,"","","","",places/ChIJoez-xSO5EmsRqhysWdHYPJ4,Logical Building Automation,+61 2 9504 6000,https://logicalbuilding.net/,"1/56 French St, Kogarah NSW 2216, Australia",point_of_interest,"point_of_interest,establishment",5.0,1,2026-03-10 02:27:29.549152
67108674148,Software Finance,"",Australian Private Company,Active,ABR-Search,VIC,3125,2004-04-14 00:00:00,21,true,2004-04-14 00:00:00,true,108674148,TECHNOLOGY FUND MANAGEMENT PTY LTD,"","","","",places/ChIJk2n6MTxd1moR0-Z6ku_-zvQ,Finance Assist PTY Ltd.,+61 3 9329 1980,http://financeassist.net.au/,"185 Arden St, North Melbourne VIC 3051, Australia",consultant,"consultant,point_of_interest,finance,service,establishment",5.0,153,2026-03-10 02:17:41.743197
57108899305,Sterling Pumps,Manufacturing,Australian Private Company,Active,SEMMA,VIC,3810,2004-06-01 00:00:00,21,true,2004-06-01 00:00:00,true,108899305,STERLING PUMPS PTY. LTD.,"","","",https://semma.com.au/directory/,places/ChIJb1mY7P061moRREto4MhSZoQ,STERLING PUMPS PTY LTD,+61 3 5941 3400,https://www.sterlingpumps.com.au/,"14 Sharnet Cct, Pakenham VIC 3810, Australia",manufacturer,"manufacturer,point_of_interest,establishment",5.0,1,2026-03-10 02:14:17.199035
44109776098,Embedded Logic Solutions Pty Ltd,Manufacturing,Australian Private Company,Active,"AMTIL,ABR-Search",NSW,2150,2004-07-01 00:00:00,21,true,2004-07-12 00:00:00,true,109776098,EMBEDDED LOGIC SOLUTIONS PTY. LTD.,"","","",https://amtil.com.au/directory/,places/ChIJMUGGwh-jEmsRPIILTonJ_oQ,Embedded Logic Solutions Pty Ltd,+61 2 9687 1880,http://www.emlogic.com.au/,"5/23 Hunt St, North Parramatta NSW 2151, Australia",point_of_interest,"point_of_interest,establishment",0.0,0,2026-03-10 02:21:23.827459
12109506970,Fusion5,Manufacturing,Australian Private Company,Active,AMTIL,VIC,3000,2004-07-01 00:00:00,21,true,2004-07-01 00:00:00,true,109506970,Fusion5 Pty Ltd,"","","",https://amtil.com.au/directory/,places/ChIJIbAp8hto1moRd5tEbwdSRoE,Fusion5 - Transformation Partners,+61 3 9922 5519,https://www.fusion5.com/au/?utm_source=google-my-business&utm_medium=organic&utm_content=gmb-melbourne,"Suite 2, Level 43/360 Elizabeth St, Melbourne VIC 3000, Australia",consultant,"consultant,point_of_interest,service,establishment",5.0,5,2026-03-10 02:09:38.489456
51109272602,Smenco Pty Ltd,Manufacturing,Australian Private Company,Active,AMTIL,VIC,3061,2004-07-01 00:00:00,21,true,2004-07-01 00:00:00,true,109272602,Smenco Pty Ltd,"","","",https://amtil.com.au/directory/,places/ChIJM636GjZP1moRpjqIi9hDJnI,SMENCO,+61 1300 728 422,http://www.smenco.com.au/,"3-4/21 Cooper St, Campbellfield VIC 3061, Australia",supplier,"supplier,manufacturer,point_of_interest,store,establishment",4.6,11,2026-03-10 02:12:19.00612
75110427364,CONTROL & TELEMETRY SOLUTIONS PTY LTD,"",Australian Private Company,Active,ABR-Search,VIC,3806,2004-08-23 00:00:00,21,true,2004-08-23 00:00:00,true,110427364,CONTROL & TELEMETRY SOLUTIONS PTY LTD,"","","","",places/ChIJqy_fDjZZ1moRZbrIcj2BCL8,SCSA,+61 3 9336 0049,http://scsaust.com.au/,"Unit 25/72 Logistics St, Keilor Park VIC 3042, Australia",service,"service,point_of_interest,manufacturer,establishment",0.0,0,2026-03-10 02:18:49.832867
26110641373,Comvision Australia,Manufacturing,Australian Private Company,Active,SEMMA,VIC,3150,2004-09-01 00:00:00,21,true,2004-09-01 00:00:00,true,110641373,COMVISION VICTORIA PTY. LTD.,"","","",https://semma.com.au/directory/,places/ChIJz7s184YV1moRb9iT5vWUHm0,Comvision,+61 1300 733 766,http://www.cvv.com.au/,"Wheelers Hill Shopping Centre, 1.08/202 Jells Rd, Wheelers Hill VIC 3150, Australia",service,"point_of_interest,service,establishment",5.0,6,2026-03-10 02:13:11.851645
36394031453,Cody Legal,General,Family Partnership,Active,HobsonsBay,NSW,2340,2004-09-01 00:00:00,21,true,2004-09-01 00:00:00,true,"",N.W POLLARD & T.R POLLARD,"","","",https://www.hobsonsbaybusiness.com.au/Business-Directory-Menu?dlv_OC%20CL%20Invest%20Business%20Directory%20Listing=(pageindex=7),places/ChIJuZ323Upd1moRnj2uxeLO4GI,Doogue + George Defence Lawyers,+61 3 9670 5111,https://www.criminal-lawyers.com.au/locations/melbourne-criminal-lawyers,"Level 5/221 Queen St, Melbourne VIC 3000, Australia",lawyer,"lawyer,consultant,service,point_of_interest,establishment",4.8,198,2026-03-10 02:30:41.776325
50111018930,Punchtech Australia Pty Ltd,Manufacturing,Australian Private Company,Active,AMTIL,VIC,3201,2004-10-01 00:00:00,21,true,2004-10-01 00:00:00,true,111018930,PUNCHTECH AUSTRALIA PTY LTD,"","","",https://amtil.com.au/directory/,places/ChIJ5atYDjcS1moRRapkqI58jII,Punchtech Australia Pty Ltd / PT Fasteners,+61 3 9768 3745,http://www.punchtech.com.au/,"9 Colemans Rd, Carrum Downs VIC 3201, Australia",consultant,"consultant,point_of_interest,service,establishment",5.0,2,2026-03-10 02:11:52.75429
20111097824,P1 Technology,Manufacturing,Australian Private Company,Active,SEMMA,VIC,3175,2004-10-01 00:00:00,21,true,2004-10-01 00:00:00,true,111097824,FIX-IT MOBILE COMPUTER SERVICE PTY. LTD.,"","","",https://semma.com.au/directory/page/2/,places/ChIJ867Zcmo_1moR9Z6f2m_zMGs,P1 Technology,+61 3 9874 5473,https://www.p1technology.com.au/,"208c/148 Logis Blvd, Dandenong South VIC 3175, Australia",consultant,"consultant,point_of_interest,service,establishment",5.0,50,2026-03-10 02:15:46.094882
49102691332,Systemax,"",Australian Private Company,Active,ABR-Search,VIC,3170,2004-10-18 00:00:00,21,true,2004-10-18 00:00:00,true,102691332,CARRIER AUTOMATED LOGIC AUSTRALIA PTY LTD,"","","","",places/ChIJ2cSRrw5r1moRLHEUCaDA6k4,Automated Logic Victoria,+61 3 9544 5411,https://www.automatedlogic.com.au/,"15/19-23 Clarinda Rd, Oakleigh South VIC 3167, Australia",consultant,"consultant,point_of_interest,service,establishment",0.0,0,2026-03-10 02:29:10.101928
26111466838,Met Optix,Manufacturing,Australian Private Company,Active,AMTIL,VIC,3138,2004-10-21 00:00:00,21,true,2004-10-21 00:00:00,true,111466838,DWE Systems Pty. Limited,"","","",https://amtil.com.au/directory/,places/ChIJgeD8PMhD1moRx_N2zDuVvPQ,MET OPTIX,+61 1300 363 409,https://www.metoptix.com.au/,"84 Hotham St, Preston VIC 3072, Australia",supplier,"supplier,manufacturer,point_of_interest,establishment",0.0,0,2026-03-10 02:11:00.994032
94686607931,Dig Design,General,Other Partnership,Active,HobsonsBay,VIC,3016,2004-12-21 00:00:00,21,true,2005-01-01 00:00:00,true,"",The Trustee for Julie-Anne Smith Discretionary Trust & The Trustee for Lindsay Douglas Discretionary Trust,"","","",https://www.hobsonsbaybusiness.com.au/Business-Directory-Menu?dlv_OC%20CL%20Invest%20Business%20Directory%20Listing=(pageindex=8),places/ChIJT_Q_s0Jd1moRlziqL0NDEUo,Dig Design,+61 3 9077 2662,http://digdesign.net.au/,"42 Hannan St, Williamstown VIC 3016, Australia",general_contractor,"general_contractor,point_of_interest,service,establishment",5.0,7,2026-03-10 02:30:49.94294
16112646974,SOFTWARE AUTHORING GROUP PTY LTD,"",Australian Private Company,Active,ABR-Search,NSW,2079,2005-02-01 00:00:00,21,true,2005-02-01 00:00:00,true,112646974,SOFTWARE AUTHORING GROUP PTY LTD,"","","","",places/ChIJ36eTmfauEmsRdDujH0yKA_k,Software AG Australia,+61 2 9071 5600,http://www.softwareag.com/au/,"Level 11/10 Carrington St, Sydney NSW 2000, Australia",point_of_interest,"point_of_interest,establishment",3.7,3,2026-03-10 02:18:32.705073
77112815200,BAC Systems Pty Ltd,Manufacturing,Australian Private Company,Active,AMTIL,NSW,2761,2005-02-07 00:00:00,21,true,2005-07-01 00:00:00,true,112815200,BAC Systems Pty Limited,"","","",https://amtil.com.au/directory/,places/ChIJF66oGdKbEmsRdq8BocEosk4,BAC Systems - Industrial Storage Systems,+61 2 9832 2777,https://www.bacsystems.com.au/,"193-195 Power St, Glendenning NSW 2761, Australia",supplier,"supplier,manufacturer,point_of_interest,establishment",5.0,4,2026-03-10 02:07:59.374703
18113737616,Concept Design Modelling Pty Ltd,"",Australian Private Company,Active,ABR-Search,NSW,2072,2005-04-14 00:00:00,20,true,2005-04-14 00:00:00,true,113737616,Concept Design Modelling Pty Ltd,"","","","",places/ChIJUZxEEUOwEmsRNcqqHt9yglY,"MAKE Models, Architectural Model Making / Laser cutting / Fabrication",+61 2 9168 6987,https://makemodels.com.au/,"26 Harriet St, Marrickville NSW 2204, Australia",service,"service,point_of_interest,manufacturer,establishment",5.0,19,2026-03-10 02:23:31.92304
34113829655,Packserv Australia,Manufacturing,Australian Private Company,Active,AMTIL,NSW,2204,2005-04-19 00:00:00,20,true,2007-01-01 00:00:00,true,113829655,PACKSERV PTY LIMITED,"","","",https://amtil.com.au/directory/,places/ChIJi-De_2ewEmsRrfe3kJpwLO4,Packserv Australia - Head Office,+61 1300 377 512,https://www.packserv.co/,"Unit 25/168-180 Victoria Rd, Marrickville NSW 2204, Australia",manufacturer,"point_of_interest,manufacturer,establishment",4.5,6,2026-03-10 02:11:30.916152
35114191276,Software Symphony Pty. Ltd.,"",Australian Private Company,Active,ABR-Search,NSW,2024,2005-05-10 00:00:00,20,true,2005-05-10 00:00:00,true,114191276,Software Symphony Pty. Ltd.,"","","","",places/ChIJwRxIcDavEmsRxa2W8SO3314,Symphony Technology Pty Ltd,+61 2 7252 1230,https://symphony.cx/,"35 Chandos St, St Leonards NSW 2065, Australia",corporate_office,"corporate_office,point_of_interest,establishment",0.0,0,2026-03-10 02:17:47.529545
68114527132,GP Graders Victoria,Manufacturing,Australian Private Company,Active,AMTIL,VIC,3149,2005-05-31 00:00:00,20,true,2005-05-31 00:00:00,true,114527132,GP GRADERS (VICTORIA) PTY LTD,"","","",https://amtil.com.au/directory/,places/ChIJ6UL4TFMV1moRwTViyPtAvgA,GP Graders,+61 3 9585 9444,https://gpgraders.com/,"8-12 Gilby Rd, Mount Waverley VIC 3149, Australia",manufacturer,"manufacturer,point_of_interest,establishment",5.0,1,2026-03-10 02:09:42.7623
98115022592,Micro Precision Plastics,Manufacturing,Australian Private Company,Active,SEMMA,VIC,2151,2005-06-29 00:00:00,20,true,2007-01-01 00:00:00,true,115022592,MM PLASTICS PTY LIMITED,"","","",https://semma.com.au/directory/page/2/,places/ChIJnypxutoT1moRTh_EjBOwaos,Micro Precision Plastics,+61 3 9793 6928,https://www.microprecisionplastics.com.au/,"39-45 Nissan Dr, Dandenong South VIC 3175, Australia",manufacturer,"point_of_interest,manufacturer,establishment",3.7,3,2026-03-10 02:15:29.481314
22115127583,Mullins Advisory,Manufacturing,Australian Private Company,Active,NorthLink-MfgPartner,VIC,3084,2005-07-05 00:00:00,20,true,2014-01-01 00:00:00,true,115127583,MULLINS ADVISORY PTY LTD,"","",http://www.mullinsadvisory.com.au/,https://northlink.org.au/melbournes-north-advanced-manufacturing-group/partner-directory/,places/ChIJH9fLdB1o1moRwgUhmzJ_-D8,Mullins Advisory Pty Ltd,+61 3 9457 5861,https://www.mullinsadvisory.com.au/,"2/420 St Kilda Rd, Melbourne VIC 3004, Australia",consultant,"consultant,service,point_of_interest,establishment",0.0,0,2026-03-10 02:06:53.661511
57115117194,AP Marketing Works,General,Australian Private Company,Active,HobsonsBay,VIC,3015,2005-07-27 00:00:00,20,true,2005-07-27 00:00:00,true,115117194,AILSA PAGE CONSULTING PTY LTD,"","","",https://www.hobsonsbaybusiness.com.au/Business-Directory-Menu?dlv_OC%20CL%20Invest%20Business%20Directory%20Listing=(pageindex=3),places/ChIJhxTpbUNn1moRzJdmChYYTZw,AP Marketing Works,+61 3 9311 2421,http://www.apmarketingworks.com.au/,"Anderson St, Yarraville VIC 3013, Australia",marketing_consultant,"marketing_consultant,consultant,point_of_interest,service,establishment",5.0,5,2026-03-10 02:29:56.261933
36115776979,ALLBIZ AUTOMATION PTY LTD,"",Australian Private Company,Active,ABR-Search,VIC,3033,2005-08-15 00:00:00,20,true,2005-08-15 00:00:00,true,115776979,ALLBIZ AUTOMATION PTY LTD,"","","","",places/ChIJYYqiMm0nsWoRwqlE_ACfURY,allBIZ Supplies Pty Ltd,+61 8 8326 2899,http://allbizsupplies.biz/,"125 O'Sullivan Beach Rd, Lonsdale SA 5160, Australia",clothing_store,"clothing_store,furniture_store,home_improvement_store,home_goods_store,supplier,store,manufacturer,service,point_of_interest,establishment",4.5,88,2026-03-10 02:20:16.982699
49116337029,AUTOMATION & ROBOTIC TECHNOLOGIES PTY. LTD.,"",Australian Private Company,Active,ABR-Search,VIC,3153,2005-09-21 00:00:00,20,true,2005-10-01 00:00:00,true,116337029,AUTOMATION & ROBOTIC TECHNOLOGIES PTY. LTD.,"","","","",places/ChIJp_uKZWw71moRsVsxlX7HcyQ,Automation & Robotic Technologies,+61 3 9761 1117,http://a-rt.com.au/,"355 Dorset Rd Service Rd, Bayswater VIC 3153, Australia",manufacturer,"manufacturer,point_of_interest,service,establishment",0.0,0,2026-03-10 02:20:42.597374
56116420485,SBH Solutions,Manufacturing,Australian Private Company,Active,AMTIL,SA,5066,2005-09-27 00:00:00,20,true,2023-07-01 00:00:00,true,116420485,SBH SOLUTIONS INVESTMENTS PTY LTD,"","","",https://amtil.com.au/directory/,places/ChIJQwpf2rDLsGoRx7q0U3-h8bc,SBH Solutions,+61 8 7122 1114,https://sbhsolutions.com.au/,"3 Ballantyne St, Magill SA 5072, Australia",point_of_interest,"point_of_interest,establishment",5.0,3,2026-03-10 02:12:08.508506
55116622176,ATLAS AUTOMATION PTY. LTD.,"",Australian Private Company,Active,ABR-Search,VIC,3165,2005-10-12 00:00:00,20,true,2005-10-12 00:00:00,true,116622176,ATLAS AUTOMATION PTY. LTD.,"","","","",places/ChIJPWzpZFcR1moRAZyUIZA9K4A,Atlas Engineering Pty Ltd.,+61 3 9792 9944,https://atlasengineering.com.au/,"8 Fowler Rd, Dandenong South VIC 3175, Australia",manufacturer,"manufacturer,consultant,point_of_interest,service,establishment",5.0,4,2026-03-10 02:20:33.28939
94117653924,Eco Pacific Pty Ltd,Manufacturing,Australian Private Company,Active,SEMMA,VIC,3175,2005-12-21 00:00:00,20,true,2006-01-01 00:00:00,true,117653924,ECO PACIFIC PTY LTD,"","","",https://semma.com.au/directory/page/2/,places/ChIJS9cpL_N2JwARomU_ch_gWXg,Eco Pacific,+61 3 9706 6228,http://www.ecopacific.com.au/,"24 Deans Ct, Dandenong South VIC 3175, Australia",general_contractor,"general_contractor,service,point_of_interest,manufacturer,establishment",3.7,26,2026-03-10 02:14:35.174424
38118030247,AUTOMATION & PACKAGING PTY LTD,"",Australian Private Company,Active,ABR-Search,VIC,3051,2006-01-25 00:00:00,20,true,2006-01-26 00:00:00,true,118030247,AUTOMATION & PACKAGING PTY LTD,"","","","",places/ChIJb6C9Sy5d1moRiqCxmsT5usw,Automation & Packaging,+61 3 9329 7616,http://www.autoandpack.com.au/,"Office 1/204-218 Dryburgh St, North Melbourne VIC 3051, Australia",manufacturer,"manufacturer,point_of_interest,establishment",0.0,0,2026-03-10 02:19:01.300027
75082334156,Diverseco,Manufacturing,Australian Private Company,Active,AMTIL,SA,6155,2006-02-01 00:00:00,20,true,2006-02-01 00:00:00,true,082334156,DIVERSECO PTY LTD,"","","",https://amtil.com.au/directory/,places/ChIJeRqCpO7GsGoRsZ7oG5tgTVE,Diverseco,+61 1300 069 970,https://diverseco.com.au/,"38 Greenhill Rd, Wayville SA 5034, Australia",supplier,"supplier,service,point_of_interest,manufacturer,establishment",4.0,4,2026-03-10 02:08:59.462474
94118213111,PLATFORM XXIV PTY LTD,"",Australian Private Company,Active,ABR-Search,NSW,2044,2006-02-07 00:00:00,20,true,2006-02-07 00:00:00,true,118213111,PLATFORM XXIV PTY LTD,"","","","",places/ChIJK6xkKFqwEmsRIH4TwQHhXv4,Platform24 IT Services & Solutions Sydney,+61 1300 602 480,https://platform24.com.au/managed-services/,"66 Princes Hwy, St Peters NSW 2044, Australia",consultant,"consultant,service,point_of_interest,establishment",4.9,18,2026-03-10 02:26:12.320033
23118289919,Extran Pty Ltd,Manufacturing,Australian Private Company,Active,SEMMA,VIC,3153,2006-02-13 00:00:00,20,true,2006-06-13 00:00:00,true,118289919,EXTRAN PTY LTD,"","","",https://semma.com.au/directory/page/3/,places/ChIJgetdjuM61moRy4OZWdW-WuU,Extran Pty Ltd,+61 3 9761 7766,http://www.extran.com.au/,"10 Gabrielle Ct, Bayswater North VIC 3153, Australia",manufacturer,"manufacturer,point_of_interest,establishment",0.0,0,2026-03-10 02:16:19.654526
31118563287,SYSTEMONE PTY LTD,"",Australian Private Company,Active,ABR-Search,NSW,2040,2006-02-28 00:00:00,20,true,2013-10-01 00:00:00,true,118563287,SYSTEMONE PTY LTD,"","","","",places/ChIJr983kvKuEmsRlHFS4WinWzQ,System1,+61 1300 360 553,"","90 Mount St, North Sydney NSW 2060, Australia",service,"service,point_of_interest,establishment",0.0,0,2026-03-10 02:25:11.888543
18118823180,Tricycle Developments,Manufacturing,Australian Private Company,Active,SEMMA,VIC,3003,2006-03-16 00:00:00,19,true,2006-03-16 00:00:00,true,118823180,TRICYCLE DEVELOPMENTS PTY LTD,"","","",https://semma.com.au/directory/page/2/,places/ChIJPxxV0kZd1moRyC-_MGw6fpQ,Trike,+61 3 9326 5365,http://trike.com.au/,"136 Roden St, West Melbourne VIC 3003, Australia",consultant,"consultant,service,point_of_interest,manufacturer,establishment",5.0,12,2026-03-10 02:15:32.143605
56118945725,Freedspace,Manufacturing,Australian Private Company,Active,AMTIL,VIC,3013,2006-03-23 00:00:00,19,true,2006-04-01 00:00:00,true,118945725,FREEDSPACE PTY LTD,"","","",https://amtil.com.au/directory/,places/ChIJc1jxwohd1moRbMu8JzP3NK0,Thinglab / Freedspace,+61 3 7018 2121,https://freedspace.com.au/thinglab,"7A Kent St, Yarraville VIC 3013, Australia",consultant,"consultant,supplier,manufacturer,point_of_interest,service,establishment",5.0,28,2026-03-10 02:09:37.617289
67118857042,Embedded SCADA Solutions Pty Ltd,"",Australian Private Company,Active,ABR-Search,VIC,3636,2006-03-24 00:00:00,19,true,2006-03-24 00:00:00,true,118857042,Embedded SCADA Solutions Pty Ltd,"","","","",places/ChIJ_1h-h4Jn1moRSQnEVSjbIjA,Mescada,+61 1300 885 064,https://www.mescada.com/,"Suite 301/17 Everage St, Moonee Ponds VIC 3039, Australia",consultant,"consultant,service,point_of_interest,establishment",5.0,1,2026-03-10 02:21:31.222962
17118997854,Wiltek Group Services,General,Australian Private Company,Active,HobsonsBay,VIC,3903,2006-03-30 00:00:00,19,true,2006-03-30 00:00:00,true,118997854,WILTEK GROUP SERVICES (AUST) PTY. LTD.,"","","",https://www.hobsonsbaybusiness.com.au/Business-Directory-Menu?dlv_OC%20CL%20Invest%20Business%20Directory%20Listing=(pageindex=26),places/ChIJo9FhGzdh1moRZEOqOczclSY,Wiltek Group Services,+61 3 9399 8863,http://www.wiltek.com.au/,"22 Albemarle St, Williamstown North VIC 3016, Australia",manufacturer,"manufacturer,point_of_interest,establishment",5.0,2,2026-03-10 02:33:49.274894
32119677431,THE EMBEDDED NETWORKS COMPANY PTY LTD,"",Australian Private Company,Active,ABR-Search,VIC,3008,2006-05-12 00:00:00,19,true,2006-05-12 00:00:00,true,119677431,THE EMBEDDED NETWORKS COMPANY PTY LTD,"","","","",places/ChIJq6qawpZu1moRw8cZ-BX2Bt4,National Embedded Networks,+61 1300 736 336,http://www.nen.net.au/,"25 Beaumaris Parade, Highett VIC 3190, Australia",service,"service,point_of_interest,establishment",0.0,0,2026-03-10 02:21:17.491889
87119674038,ADVANCED 3D MODELLING,"",Australian Private Company,Active,ABR-Search,VIC,3205,2006-05-17 00:00:00,19,true,2006-05-17 00:00:00,true,119674038,The Shape Group Pty Ltd,"","","","",places/ChIJIT1e7ONC1moRz_aHvVfq000,CG Spectrum,+61 3 7037 0213,https://www.cgspectrum.com/,"150 Oxford St, Collingwood VIC 3066, Australia",educational_institution,"educational_institution,point_of_interest,establishment",4.6,64,2026-03-10 02:23:22.964101
46120000106,FINANCIAL MODELLING ASSOCIATES PTY LIMITED,"",Australian Private Company,Active,ABR-Search,NSW,2290,2006-06-02 00:00:00,19,true,2006-06-02 00:00:00,true,120000106,FINANCIAL MODELLING ASSOCIATES PTY LIMITED,"","","","",places/ChIJV9oG24quEmsRvzL8u_10cb0,FMA Wealth,+61 2 9055 7970,http://fmawealth.com.au/,"Level 2/22 Darley Rd, Manly NSW 2095, Australia",consultant,"consultant,point_of_interest,finance,service,establishment",5.0,1,2026-03-10 02:23:39.455607
60120191415,High Car Sales,General,Australian Private Company,Active,HobsonsBay,VIC,3072,2006-06-14 00:00:00,19,true,2006-06-14 00:00:00,true,120191415,HIGH CAR SALES PTY. LTD.,"","","",https://www.hobsonsbaybusiness.com.au/Business-Directory-Menu?dlv_OC%20CL%20Invest%20Business%20Directory%20Listing=(pageindex=11),places/ChIJi0jdWDZh1moRAUlkZNDjTOs,High Car Sales,+61 3 9397 3585,"","12 Chelmsford St, Williamstown North VIC 3016, Australia",car_dealer,"car_dealer,store,point_of_interest,establishment",2.7,9,2026-03-10 02:31:19.541323
74120380645,Platform Studios Pty Ltd,"",Australian Private Company,Active,ABR-Search,VIC,3121,2006-06-30 00:00:00,19,true,2006-06-30 00:00:00,true,120380645,Platform Studios Pty Ltd,"","","","",places/ChIJYzhCMbJD1moRuQ0SJ37nhLE,Platform Studio,+61 410 595 711,https://platform-studio.com.au/,"219 Johnston St, Abbotsford VIC 3067, Australia",sports_school,"sports_school,point_of_interest,establishment",5.0,10,2026-03-10 02:26:31.809214
49120731268,Alfex CNC Australia Pty Ltd,Manufacturing,Australian Private Company,Active,AMTIL,VIC,3074,2006-07-14 00:00:00,19,true,2006-07-14 00:00:00,true,120731268,ALFEX CNC AUSTRALIA PTY LTD,"","","",https://amtil.com.au/directory/,places/ChIJr6pagaFa1moRHPj-FpwbygA,Alfex - Victoria,+61 1300 201 510,https://alfex.com.au/,"10 Northgate Dr, Thomastown VIC 3074, Australia",supplier,"supplier,manufacturer,point_of_interest,establishment",4.8,19,2026-03-10 02:07:28.633111
79120779268,MYOB,Manufacturing,Australian Private Company,Active,AMTIL,VIC,3123,2006-08-01 00:00:00,19,true,2006-08-01 00:00:00,true,120779268,MEAD PARTNERS PTY LTD,"","","",https://amtil.com.au/directory/,places/ChIJTZsRmZBC1moRi8rXjZXtJkY,MYOB,+61 1300 555 123,https://www.myob.com/au,"Level 3/168 Cremorne St, Cremorne VIC 3121, Australia",point_of_interest,"point_of_interest,establishment",2.7,388,2026-03-10 02:11:15.727203
76981821520,DROPSHIP PLATFORM,"",Other Partnership,Active,ABR-Search,VIC,3165,2006-08-01 00:00:00,19,true,2006-08-01 00:00:00,true,"",GARY JAYES FAMILY TRUST AND MARK WOOLFSON FAMILY TRUST,"","","","",places/ChIJeS9Uxl5d1moRP5xxlQs7QTE,Dropshipzone,+61 3 9376 0841,https://www.dropshipzone.com.au/,"16-18 Cato St, Hawthorn East VIC 3123, Australia",wholesaler,"wholesaler,home_goods_store,supplier,store,point_of_interest,establishment",4.8,209,2026-03-10 02:26:58.200074
19121458535,Forme Technologies,Manufacturing,Australian Private Company,Active,AMTIL,VIC,3201,2006-09-04 00:00:00,19,true,2006-09-04 00:00:00,true,121458535,FORME TECHNOLOGIES PTY LTD,"","","",https://amtil.com.au/directory/,places/ChIJn-ev6JQM1moRt_XAoM9ygMo,Forme Technologies,+61 3 9782 3033,https://formetechnologies.com.au/,"11 Frankston Gardens Dr, Carrum Downs VIC 3201, Australia",manufacturer,"manufacturer,point_of_interest,establishment",5.0,1,2026-03-10 02:09:34.893782
41121499198,Sure Thing Handyman Services,General,Australian Private Company,Active,HobsonsBay,NSW,2217,2006-09-13 00:00:00,19,true,2006-09-13 00:00:00,true,121499198,Sure Thing Services Pty. Ltd.,"","","",https://www.hobsonsbaybusiness.com.au/Business-Directory-Menu?dlv_OC%20CL%20Invest%20Business%20Directory%20Listing=(pageindex=23),"","","","","","","",0.0,0,2026-03-10 02:33:18.732565
37035876824,Assist Ability Australia,General,Other Partnership,Active,HobsonsBay,NSW,2759,2006-09-19 00:00:00,19,true,2006-09-19 00:00:00,true,"",F MAIMOUN & R MAIMOUN,"","","",https://www.hobsonsbaybusiness.com.au/Business-Directory-Menu?dlv_OC%20CL%20Invest%20Business%20Directory%20Listing=(pageindex=3),places/ChIJFfFqa-1g1moRaLKHpZibGBc,Assist Ability Australia,+61 1300 091 016,https://assistabilityaustralia.com.au/,"Unit 6/463A Somerville Rd, Brooklyn VIC 3012, Australia",health,"point_of_interest,health,association_or_organization,service,store,establishment",4.9,32,2026-03-10 02:30:02.818602
36123155993,ABC Specialty Metals,Manufacturing,Australian Private Company,Active,SEMMA,VIC,3803,2006-12-15 00:00:00,19,true,2006-12-15 00:00:00,true,123155993,ABC Specialty Metals Pty Ltd,"","","",https://semma.com.au/directory/page/3/,places/ChIJx6R3WtYQ1moRevpSx4ETpq8,ABC Specialty Metals,+61 3 9703 2128,http://www.abcspecialtymetals.com.au/,"80-82 Hallam S Rd, Hallam VIC 3803, Australia",supplier,"supplier,point_of_interest,manufacturer,establishment",5.0,1,2026-03-10 02:16:25.981841
85123240362,Central Innovation Pty,Manufacturing,Australian Private Company,Active,AMTIL,NSW,2073,2006-12-21 00:00:00,19,true,2006-12-21 00:00:00,true,123240362,Central Innovation Pty Limited,"","","",https://amtil.com.au/directory/,places/ChIJ-4hbSx-qEmsRqBGurP3eyHQ,Central Innovation,+61 1300 423 372,https://centralinnovation.com/,"Level 3, Building 2/20 Bridge St, Pymble NSW 2073, Australia",consultant,"consultant,point_of_interest,service,establishment",3.7,15,2026-03-10 02:08:37.655706
31123409058,Platform Networks,"",Australian Private Company,Active,ABR-Search,VIC,3000,2007-01-11 00:00:00,19,true,2007-01-11 00:00:00,true,123409058,EFTEL WHOLESALE PTY LTD,"","","","",places/ChIJ8eBzeBdD1moRmunhAhZJuxM,Platform One,+61 2 9437 4200,http://www.platform1.cx/,"The Commons QV, 3 Albert Coates Ln, Melbourne VIC 3000, Australia",service,"point_of_interest,service,establishment",0.0,0,2026-03-10 02:26:27.74467
21123588045,Software Interactive,"",Australian Private Company,Active,ABR-Search,NSW,2208,2007-01-23 00:00:00,19,true,2020-07-01 00:00:00,true,123588045,SINT GROUP PTY LIMITED,"","","","",places/ChIJc8Jl_OavEmsRuAgwe45QSkc,Interactive Sydney Data Centre,+61 2 9431 8000,https://www.interactive.com.au/services/data-centres/locations/sydney/?utm_source=GMB&utm_medium=organic&utm_campaign=GMB&utm_term=sydney_dc_location&utm_content=sydney_dc_location_gmb_02092024,"Tower A/39 Herbert St, St Leonards NSW 2065, Australia",telecommunications_service_provider,"telecommunications_service_provider,storage,service,point_of_interest,establishment",4.3,3,2026-03-10 02:17:43.663071
26123690559,Minitab Pty Ltd,Manufacturing,Australian Private Company,Active,AMTIL,NSW,2000,2007-01-31 00:00:00,19,true,2007-02-01 00:00:00,true,123690559,MINITAB PTY LTD,"","","",https://amtil.com.au/directory/,places/ChIJd9cNJUCuEmsRvNYFY736nhQ,Minitab Pty Ltd,+61 2 9312 3700,http://www.minitab.com/,"Court 4/20 Martin Pl, Sydney NSW 2000, Australia",point_of_interest,"point_of_interest,establishment",0.0,0,2026-03-10 02:11:05.197694
95122762145,8 Food,Manufacturing,Australian Private Company,Active,NorthLink-FoodMfg,VIC,3074,2007-02-01 00:00:00,19,true,2007-02-01 00:00:00,true,122762145,8 FOOD PTY LTD,"","",http://www.8food.com.au/,https://northlink.org.au/melbournes-north-food-group/manufacturer-directory/,places/ChIJLdPxaoJP1moR92ZpZSfLx9E,8 Food,+61 1300 836 637,http://www.8food.com.au,"28 Chaffey St, Thomastown VIC 3074, Australia",manufacturer,"manufacturer,point_of_interest,establishment",4.6,13,2026-03-10 02:05:24.375248
19122450337,Macpherson Kelley,Manufacturing,Australian Private Company,Active,SEMMA,VIC,3175,2007-02-01 00:00:00,19,true,2007-02-01 00:00:00,true,122450337,MACPHERSON KELLEY PTY LTD,"","","",https://semma.com.au/directory/page/2/,places/ChIJ3zvMN6baNWoRk-bT_nNsecI,"Macpherson Kelley | Commercial law, good thinking.",+61 3 8615 9900,https://mk.com.au/contact-us/melbourne-lawyers/?utm_source=google&utm_medium=local&utm_campaign=gbp,"Level 7/600 Bourke St, Melbourne VIC 3000, Australia",consultant,"consultant,service,point_of_interest,establishment",3.8,24,2026-03-10 02:15:28.729979
95123746743,Rizo Desserts,Manufacturing,Australian Private Company,Active,NorthLink-FoodMfg,VIC,3000,2007-02-15 00:00:00,19,true,2007-02-15 00:00:00,true,123746743,FANCY PLANTS AUSTRALIA PTY LTD,"","",https://rizo.com.au/,https://northlink.org.au/melbournes-north-food-group/manufacturer-directory/,places/ChIJdf6FzCBQ1moRfhgA5zTlVes,Rizo Desserts,+61 3 9357 9196,https://www.rizo.com.au/,"Factory1, 6-10 Amcor Way, Campbellfield VIC 3061, Australia",supplier,"supplier,manufacturer,wholesaler,food,point_of_interest,establishment",4.6,13,2026-03-10 02:06:11.393062
95124431992,Socobell,General,Australian Private Company,Active,HobsonsBay,VIC,3020,2007-03-15 00:00:00,18,true,2007-03-15 00:00:00,true,124431992,SOCOBELL AUTOMOTIVE PTY LTD,"","","",https://www.hobsonsbaybusiness.com.au/Business-Directory-Menu?dlv_OC%20CL%20Invest%20Business%20Directory%20Listing=(pageindex=22),places/ChIJ-YjN4Thn1moRVA0iqMr9Ok4,Socobell Oem PTY Ltd.,+61 3 9391 3888,http://www.socobell.com.au/,"555 Somerville Rd, Sunshine West VIC 3020, Australia",manufacturer,"manufacturer,point_of_interest,establishment",3.4,5,2026-03-10 02:33:10.254593
90122411376,EMBEDDED ACCOUNTANTS,"",Australian Private Company,Active,ABR-Search,NSW,2141,2007-04-12 00:00:00,18,true,2013-07-01 00:00:00,true,122411376,SASTRA PTY LTD,"","","","",places/ChIJYVIN3-6vEmsR3HZ0ri7bMKM,Inline Partners,+61 2 8310 5493,http://www.inlinepartners.com.au/,"Cuneo, 8/35 Alexandra St, Hunters Hill NSW 2110, Australia",accounting,"accounting,consultant,finance,point_of_interest,service,establishment",5.0,11,2026-03-10 02:21:02.099085
44124923833,The Creative Warehouse,General,Australian Private Company,Active,HobsonsBay,VIC,3023,2007-04-17 00:00:00,18,true,2024-09-01 00:00:00,true,124923833,EVOLVE ELECTRICS PTY. LTD.,"","","",https://www.hobsonsbaybusiness.com.au/Business-Directory-Menu?dlv_OC%20CL%20Invest%20Business%20Directory%20Listing=(pageindex=24),places/ChIJqRFpzD5j1moRE4hd1acUoBQ,The Creative Warehouse,"",https://www.thecreativewarehouse.com.au/,"6/29 Chester Rd, Altona VIC 3018, Australia",service,"service,point_of_interest,establishment",5.0,31,2026-03-10 02:33:25.425273
16125249327,ART LOGIC pty ltd,"",Australian Private Company,Active,ABR-Search,SA,5016,2007-05-04 00:00:00,18,true,2007-05-04 00:00:00,true,125249327,ART LOGIC pty ltd,"","","","",places/ChIJ-Re_uD_HsGoRJA0WNPkX9t0,ART LOGIC Pty Ltd,+61 432 924 305,"","27 Warwick St, Largs North SA 5016, Australia",art_gallery,"art_gallery,point_of_interest,establishment",5.0,20,2026-03-10 02:29:03.28428
85275937113,FAL IP Lawyers,Manufacturing,Other Partnership,Active,SEMMA,VIC,3000,2007-05-18 00:00:00,18,true,2007-07-01 00:00:00,true,"",PETER FRANCIS ATF THE FRANCIS PRACTICE TRUST AND JENNI LIGHTOWLERS ATF THE LIGHTOWLERS PRACTICE TRUST,"","","",https://semma.com.au/directory/page/2/,places/ChIJV93E--Jd1moRfS8oXth6upI,FAL IP (Intellectual Property),+61 3 9642 2252,https://fal-ip.com.au/,"600 Little Bourke St, Melbourne VIC 3000, Australia",local_government_office,"local_government_office,government_office,association_or_organization,point_of_interest,establishment",0.0,0,2026-03-10 02:14:36.397222
13125523024,SYSTEMSHQ PTY LIMITED,"",Australian Private Company,Active,ABR-Search,NSW,2019,2007-05-21 00:00:00,18,true,2010-07-01 00:00:00,true,125523024,SYSTEMSHQ PTY LIMITED,"","","","",places/ChIJC_J-N-e5EmsRh-VD_HgWf3A,Systems Logics Australia PTY LTD,+61 1300 220 330,https://systemslogics.com/,"Level 25/100 Mount St, North Sydney NSW 2060, Australia",telecommunications_service_provider,"telecommunications_service_provider,service,point_of_interest,establishment",5.0,18,2026-03-10 02:24:55.800334
15125938276,TA Tools Pty Ltd,Manufacturing,Australian Private Company,Active,AMTIL,NSW,2161,2007-06-13 00:00:00,18,true,2007-07-01 00:00:00,true,125938276,T & E TOOLS PTY LTD,"","","",https://amtil.com.au/directory/,places/ChIJWRzHTb6hEmsRhXFLZoMbkEg,TA Tools Pty Ltd,+61 1300 823 488,"","E18/5 Packard Ave, Castle Hill NSW 2154, Australia",point_of_interest,"point_of_interest,establishment",3.0,2,2026-03-10 02:12:34.376966
21126054420,Logic Wealth Pty Ltd,"",Australian Private Company,Active,ABR-Search,SA,5000,2007-06-20 00:00:00,18,true,2007-06-20 00:00:00,true,126054420,Logic Wealth Pty Ltd,"","","","",places/ChIJ55IUXnNp1moRiEviXp_ieAE,Logic Property Wealth Australia - Property Investment Consultants,+61 1300 160 323,https://logicprop.com.au/,"15/214 Bay St, Brighton VIC 3186, Australia",real_estate_agency,"real_estate_agency,consultant,point_of_interest,finance,service,establishment",5.0,2,2026-03-10 02:28:44.312773
93101989324,AES Environmental,Manufacturing,Australian Private Company,Active,AMTIL,NSW,2566,2007-07-01 00:00:00,18,true,2007-07-01 00:00:00,true,101989324,AMCCS PTY LTD,"","","",https://amtil.com.au/directory/,places/ChIJL1Cp3T3sEmsRQ0F-QLJsd0E,AES Environmental,+61 1300 550 116,https://www.aesenvironmental.com.au/,"9A Pembury Rd, Minto NSW 2566, Australia",manufacturer,"manufacturer,point_of_interest,establishment",0.0,0,2026-03-10 02:07:26.077791
43127017225,Ace Tooling Pty Ltd,Manufacturing,Australian Private Company,Active,SEMMA,VIC,3147,2007-08-13 00:00:00,18,true,2007-08-13 00:00:00,true,127017225,Ace Tooling Pty Ltd,"","","",https://semma.com.au/directory/page/3/,places/ChIJD-A9C-kT1moRiW4hNzmkSPM,Ace Tooling PTY Ltd.,+61 3 9794 5550,https://www.acetooling.net.au/,"39 Rodeo Dr, Dandenong South VIC 3175, Australia",service,"point_of_interest,service,establishment",0.0,0,2026-03-10 02:16:17.052939
42065145888,Abrasiflex Pty Ltd,Manufacturing,Australian Private Company,Active,SEMMA,VIC,6164,2007-08-31 00:00:00,18,true,2007-08-31 00:00:00,true,065145888,ABRASIFLEX PTY LTD,"","","",https://semma.com.au/directory/page/2/,places/ChIJIfRNJyUV1moRhiRIDYw_F8o,Abrasiflex,+61 3 9565 5100,http://www.abrasiflex.com.au/,"82 Logis Blvd, Dandenong South VIC 3175, Australia",supplier,"supplier,point_of_interest,manufacturer,establishment",5.0,1,2026-03-10 02:15:45.300056
47127519966,PPC Moulding Services Pty Ltd,Manufacturing,Australian Private Company,Active,AMTIL,VIC,2163,2007-09-13 00:00:00,18,true,2007-09-13 00:00:00,true,127519966,PPC Moulding Services Pty Limited,"","","",https://amtil.com.au/directory/,places/ChIJn5uO5qa9EmsRc24pQEOMHnc,PPC Moulding Services,+61 2 8707 0400,https://www.mouldingservices.com.au/,"25 Miowera Rd, Villawood NSW 2163, Australia",manufacturer,"point_of_interest,manufacturer,establishment",3.7,3,2026-03-10 02:11:44.155333
96127945868,Fibre Composites- Add A Bathroom,Manufacturing,Australian Private Company,Active,AMTIL,SA,5013,2007-10-11 00:00:00,18,true,2007-10-11 00:00:00,true,127945868,COMPOSITES MANUFACTURING AUSTRALIA PTY LIMITED,"","","",https://amtil.com.au/directory/,places/ChIJC2YDmte3sGoRLo8Lm9plUWw,Fibre Composites,+61 8 8345 2299,https://www.fibrecomposites.com.au/index.html,"Unit 1/18 Francis Rd, Wingfield SA 5013, Australia",supplier,"supplier,point_of_interest,manufacturer,establishment",0.0,0,2026-03-10 02:09:24.757709
45129658304,Systema Holdings Pty Limited,"",Australian Private Company,Active,ABR-Search,NSW,2028,2008-02-12 00:00:00,18,true,2018-03-16 00:00:00,true,129658304,Systema Holdings Pty Limited,"","","","",places/ChIJvSQlAJxu1moRV4TFzrjFx38,Systema Group,+61 3 9532 2253,http://systemagroup.com.au/,"Suite 27/477 Warrigal Rd, Moorabbin VIC 3189, Australia",accounting,"accounting,finance,point_of_interest,service,establishment",5.0,4,2026-03-10 02:24:54.553638
83129407790,Future Recycling,Manufacturing,Australian Private Company,Active,SEMMA,VIC,3175,2008-03-01 00:00:00,18,true,2008-03-01 00:00:00,true,129407790,FUTURE RECYCLING PTY. LTD.,"","","",https://semma.com.au/directory/page/2/,places/ChIJ695V3W9h1moRlOej1_oAGC8,Future Recycling Metals - Laverton,+61 137329,https://futurerecycling.com.au/,"22-28 Plummer Rd, Laverton North VIC 3026, Australia",auto_parts_store,"auto_parts_store,store,car_repair,service,point_of_interest,establishment",0.0,0,2026-03-10 02:15:20.091355
92130146075,PLATFORM BY DESIGNOFFICE,"",Australian Private Company,Active,ABR-Search,VIC,3066,2008-03-13 00:00:00,17,true,2008-03-13 00:00:00,true,130146075,DESIGN OFFICE AUSTRALIA PTY LTD,"","","","",places/ChIJ9USmxTpo1moRZPSpeNLcPOM,Platform Studios,+61 438 594 922,http://platformstudios.com.au/,"11 Wilson St, South Yarra VIC 3181, Australia",service,"point_of_interest,service,establishment",0.0,0,2026-03-10 02:25:32.820364
27130175343,Flow Power,Manufacturing,Australian Private Company,Active,AMTIL,VIC,3122,2008-03-14 00:00:00,17,true,2008-03-14 00:00:00,true,130175343,PROGRESSIVE GREEN PTY LTD,"","","",https://amtil.com.au/directory/,places/ChIJ-xuLgCpC1moRzuBMg032bJ8,Flow Power,+61 1300 080 608,https://flowpower.com.au/,"Ground Floor, 109 Burwood Rd, Hawthorn VIC 3122, Australia",service,"service,point_of_interest,establishment",3.9,96,2026-03-10 02:09:32.422853
68130170651,AQUA AUTOMATION PTY. LTD.,"",Australian Private Company,Active,ABR-Search,VIC,3134,2008-03-14 00:00:00,17,true,2008-03-14 00:00:00,true,130170651,AQUA AUTOMATION PTY. LTD.,"","","","",places/ChIJYZi_EfI71moRtTm_PmTwMR8,Automation Systems and Controls Pty Ltd,+61 3 9720 0211,http://asconline.com.au/,"Unit 24/11 Havelock Rd, Bayswater VIC 3153, Australia",manufacturer,"manufacturer,service,point_of_interest,establishment",5.0,5,2026-03-10 02:20:27.548917
89130150042,The Threat Modelling Agency,"",Australian Private Company,Active,ABR-Search,VIC,3461,2008-04-01 00:00:00,17,true,2008-04-01 00:00:00,true,130150042,Comperio Pty Ltd,"","","","",places/ChIJ40M7sDlo1moRKSni9G9uUUM,Hunter Talent,+61 1800 491 828,https://www.huntertalent.com.au/,"Suite 221/15-87 Gladstone St, South Melbourne VIC 3205, Australia",service,"service,point_of_interest,establishment",4.6,119,2026-03-10 02:24:03.993722
37130946146,Trotec Laser Pty Ltd,Manufacturing,Australian Private Company,Active,AMTIL,NSW,2557,2008-05-15 00:00:00,17,true,2008-05-15 00:00:00,true,130946146,TROTEC LASER PTY LIMITED,"","","",https://amtil.com.au/directory/,places/ChIJIX7HPMLxEmsR2YTxAAXnNpk,Trotec Laser Australia,+61 1300 876 832,https://www.troteclaser.com/en-au/,"23B Rodeo Rd, Gregory Hills NSW 2557, Australia",supplier,"supplier,point_of_interest,manufacturer,establishment",4.9,51,2026-03-10 02:12:47.144941
81131418552,ANCA Motion Pty Ltd,Manufacturing,Australian Private Company,Active,AMTIL,VIC,3153,2008-06-03 00:00:00,17,true,2008-06-03 00:00:00,true,131418552,ANCA MOTION PTY LTD,"","","",https://amtil.com.au/directory/,places/ChIJfRapxsY61moRIyrzljknL1U,ANCA Motion Pty. Ltd.,+61 3 9751 8900,http://www.ancamotion.com/,"1 Bessemer Rd, Bayswater North VIC 3153, Australia",supplier,"supplier,manufacturer,point_of_interest,establishment",5.0,4,2026-03-10 02:07:40.248484
75130259479,AUTOMATION INNOVATION PTY LTD,"",Australian Private Company,Active,ABR-Search,VIC,3173,2008-06-05 00:00:00,17,true,2008-06-05 00:00:00,true,130259479,AUTOMATION INNOVATION PTY LTD,"","","","",places/ChIJ3RwxhExr1moRTdn3rQtQL3I,Automation Innovation,+61 3 9771 7920,http://automationinnovation.com.au/,"20 Arctic Ct, Keysborough VIC 3173, Australia",supplier,"supplier,manufacturer,point_of_interest,service,establishment",0.0,0,2026-03-10 02:19:24.090388
16131874765,THE SOFTWARE FOUNDRY,"",Australian Private Company,Active,ABR-Search,NSW,2206,2008-06-26 00:00:00,17,true,2008-06-26 00:00:00,true,131874765,DIGITAL GURU PTY LTD,"","","","",places/ChIJaSJN1hZr1moR2Kzsn7I6Uxo,The Data Foundry,+61 414 987 400,http://www.thedatafoundry.com.au/,"431 Wattletree Rd, Malvern East VIC 3145, Australia",service,"service,point_of_interest,establishment",0.0,0,2026-03-10 02:17:49.47056
81131904115,BAT LOGIC PTY LTD,"",Australian Private Company,Active,ABR-Search,VIC,3220,2008-06-27 00:00:00,17,true,2008-06-27 00:00:00,true,131904115,BAT LOGIC PTY LTD,"","","","",places/ChIJm9EoN6xq1moRoZHxyk9hDYM,✅ Softlogic Australia Pty Ltd,+61 3 9543 7566,https://softlogic.com.au/,"Unit 33/15 Ricketts Rd, Mount Waverley VIC 3149, Australia",point_of_interest,"point_of_interest,establishment",5.0,1,2026-03-10 02:29:19.85299
38101518898,LMH Holdings Pty Ltd,Manufacturing,Australian Private Company,Active,AMTIL,VIC,3166,2008-07-01 00:00:00,17,true,2023-07-01 00:00:00,true,101518898,L.M.H. HOLDINGS PTY. LTD.,"","","",https://amtil.com.au/directory/,places/ChIJZ6POX-lq1moRJML1olNY2GM,LMH Technologies,+61 3 8555 2919,http://www.lmht.com.au/,"62 Dammans Rd, Warburton VIC 3799, Australia",manufacturer,"manufacturer,point_of_interest,establishment",0.0,0,2026-03-10 02:10:47.244965
43007335739,SOFTWARE OBJECTIVES,"",Australian Private Company,Active,ABR-Search,VIC,3155,2008-07-01 00:00:00,17,true,2008-07-01 00:00:00,true,007335739,GCS Software Pty Ltd,"","","","",places/ChIJ4cq-j2Y71moRhy563tAlWLs,Software Objectives,+61 3 9762 3155,http://www.softwareobjectives.com.au/,"2/21 Chandler Rd, Boronia VIC 3155, Australia",consultant,"consultant,point_of_interest,service,establishment",5.0,1,2026-03-10 02:17:16.84213
31132603304,Recycling Technologies Group,Manufacturing,Australian Private Company,Active,AMTIL,NSW,2551,2008-08-06 00:00:00,17,true,2008-08-06 00:00:00,true,132603304,RECYCLING TECHNOLOGIES GROUP PTY. LTD.,"","","",https://amtil.com.au/directory/,places/ChIJeYl0rEemPmsRts_4qK33wEA,Recycling Technologies Group,+61 2 6496 1133,http://www.recyclingtechgroup.com.au/,"12 Government Rd, Eden NSW 2551, Australia",store,"point_of_interest,store,establishment",5.0,1,2026-03-10 02:11:59.155023
43132624045,Platform Thai Pty Ltd,"",Australian Private Company,Active,ABR-Search,NSW,2137,2008-08-07 00:00:00,17,true,2008-08-07 00:00:00,true,132624045,Platform Thai Pty Ltd,"","","","",places/ChIJeRSALBalEmsRUfce907Ce7s,Platform 8 Thai,+61 2 8765 0565,"","Shop-8/6-12 Cross St, Breakfast Point NSW 2137, Australia",thai_restaurant,"thai_restaurant,restaurant,food,point_of_interest,establishment",4.3,59,2026-03-10 02:26:33.132004
13133148428,LOGIC ACCOUNTANTS PTY LTD,"",Australian Private Company,Active,ABR-Search,NSW,2020,2008-09-10 00:00:00,17,true,2019-10-23 00:00:00,true,133148428,LOGIC ACCOUNTANTS PTY LTD,"","","","",places/ChIJFZeCEqqxEmsRbe9Mc-IlNe8,Logic Accountants,+61 2 8338 0220,https://www.logicaccountant.com.au/,"74 Coward St, Mascot NSW 2020, Australia",accounting,"accounting,finance,consultant,service,point_of_interest,establishment",4.1,47,2026-03-10 02:27:28.026111
87134196080,Harrop Engineering Australia Pty Ltd,Manufacturing,Australian Private Company,Active,AMTIL,VIC,3072,2008-11-21 00:00:00,17,true,2008-11-21 00:00:00,true,134196080,HARROP ENGINEERING AUSTRALIA PTY LTD,"","","",https://amtil.com.au/directory/,places/ChIJ7Z5VUEhE1moRHr7veYrLwCI,Harrop Engineering,+61 3 9474 0900,http://www.harrop.com.au/,"96 Bell St, Preston VIC 3072, Australia",manufacturer,"manufacturer,point_of_interest,service,establishment",4.8,167,2026-03-10 02:09:55.338212
68135405319,Callington,Manufacturing,Australian Private Company,Active,AMTIL,NSW,5254,2009-02-16 00:00:00,17,true,2009-02-16 00:00:00,true,135405319,TRADITION REBUILT QUARRIES PTY LTD,"","","",https://amtil.com.au/directory/,places/ChIJYd2MwgwWt2oR4N2OYlQ2AwQ,Callington,"","","Callington SA 5254, Australia",locality,"locality,political",0.0,0,2026-03-10 02:08:24.191775
35135802087,EMBEDDED DIGITAL DESIGN PTY LTD,"",Australian Private Company,Active,ABR-Search,VIC,3168,2009-03-11 00:00:00,16,true,2012-01-01 00:00:00,true,135802087,EMBEDDED DIGITAL DESIGN PTY LTD,"","","","",places/ChIJ9QL4SnRG1moR8mj0hATxsO0,Embedded Technologies,+61 1300 780 015,http://www.ete.com.au/,"279 Dundas St, Preston VIC 3072, Australia",supplier,"supplier,manufacturer,point_of_interest,establishment",0.0,0,2026-03-10 02:21:20.824059
68136602947,ORIGIN ENERGY COMMERCIAL EMBEDDED NETWORKS PTY LTD,"",Australian Private Company,Active,ABR-Search,NSW,2000,2009-04-15 00:00:00,16,true,2020-07-01 00:00:00,true,136602947,ORIGIN ENERGY COMMERCIAL EMBEDDED NETWORKS PTY LTD,"","","","",places/ChIJjzRPvUGuEmsRWlCLY2tuA64,Origin Energy,+61 132461,https://www.originenergy.com.au/,"100 Barangaroo Ave, Barangaroo NSW 2000, Australia",supplier,"supplier,service,point_of_interest,establishment",4.0,2047,2026-03-10 02:21:54.144671
17136396131,Automation & Robotic Services,Manufacturing,Australian Private Company,Active,"AMTIL,ABR-Search",VIC,3427,2009-04-16 00:00:00,16,true,2009-04-16 00:00:00,true,136396131,AUTOMATION & ROBOTIC SERVICES PTY. LTD.,"","","",https://amtil.com.au/directory/,places/ChIJvXhpJcM91moRC8T_y-TNHrQ,Robotic Automation P/L,+61 3 9709 0900,http://www.roboticautomation.com.au/,"10 Southern Ct, Keysborough VIC 3173, Australia",supplier,"supplier,manufacturer,point_of_interest,service,establishment",4.0,1,2026-03-10 02:20:42.003714
36136811357,10seconds Software Pty Ltd,"",Australian Private Company,Active,ABR-Search,NSW,2070,2009-04-28 00:00:00,16,true,2010-05-01 00:00:00,true,136811357,10seconds Software Pty Ltd,"","","","",places/ChIJB_JtBsOuEmsR3bLcl9622lg,10seconds Software Pty Ltd,+61 2013018662,http://10secondssoftware.com,"119 Willoughby Rd, Sydney NSW 2065, Australia",point_of_interest,"point_of_interest,establishment",0.0,0,2026-03-10 02:17:55.19302
11137896747,Logic in Motion Pty Ltd,"",Australian Private Company,Active,ABR-Search,NSW,2230,2009-07-01 00:00:00,16,true,2009-07-01 00:00:00,true,137896747,Logic in Motion Pty Ltd,"","","","",places/ChIJRSaK2KyXEmsRq1DTiReBHJs,Logic Health Wetherill Park - Pre-Employments and Occupational Health Services,+61 1300 316 774,https://www.logichealth.com.au/location/logic-health-wetherill-park/?utm_source=google&utm_medium=organic&utm_campaign=gmb,"447b Victoria St, Wetherill Park NSW 2164, Australia",medical_clinic,"medical_clinic,point_of_interest,health,establishment",5.0,14,2026-03-10 02:28:46.548605
17137724595,Logic-Tel Pty Ltd,"",Australian Private Company,Active,ABR-Search,NSW,2481,2009-07-01 00:00:00,16,true,2009-07-01 00:00:00,true,137724595,Logic-Tel Pty Ltd,"","","","",places/ChIJZ_1E1bGxEmsRKOSRuflZG1o,Logicall Communications,+61 1300 858 482,http://www.logicall.com.au/,"204/35 Doody St, Alexandria NSW 2015, Australia",telecommunications_service_provider,"telecommunications_service_provider,cell_phone_store,supplier,manufacturer,point_of_interest,service,store,establishment",4.9,32,2026-03-10 02:28:47.386066
78137824483,AXIOM LOGIC PTY LTD,"",Australian Private Company,Active,ABR-Search,VIC,3000,2009-07-01 00:00:00,16,true,2013-04-01 00:00:00,true,137824483,AXIOM LOGIC PTY LTD,"","","","",places/ChIJ1XUvMK2F1moRTZQWcXCkpbc,Axiom Group,+61 1300 652 336,https://axiomgroup.com.au/,"56 Lock Ave, Werribee VIC 3030, Australia",service,"service,point_of_interest,manufacturer,establishment",4.1,10,2026-03-10 02:29:12.231686
80138442074,AUTOMATION & ENGINEERING SOLUTIONS PTY. LTD.,"",Australian Private Company,Active,ABR-Search,VIC,3782,2009-07-22 00:00:00,16,true,2009-07-22 00:00:00,true,138442074,AUTOMATION & ENGINEERING SOLUTIONS PTY. LTD.,"","","","",places/ChIJAd5d001n1moRFzgylOuDnPs,Automated Solutions Australia,+61 1800 762 687,https://www.automatedsolutions.com.au/,"34 Burgess St, Brooklyn VIC 3012, Australia",consultant,"consultant,manufacturer,point_of_interest,service,establishment",5.0,3,2026-03-10 02:20:39.291191
16138484376,Software Logistics Pty Ltd,"",Australian Private Company,Active,ABR-Search,SA,5048,2009-07-24 00:00:00,16,true,2009-07-24 00:00:00,true,138484376,Software Logistics Pty Ltd,"","","","",places/ChIJD9xIbzVLDWsRPCrX304g6PY,Logistics Software International,+61 2 4351 3500,https://lsi.net.au/,"6 Reliance Dr, Tuggerah NSW 2259, Australia",point_of_interest,"point_of_interest,establishment",0.0,0,2026-03-10 02:17:44.82775
68138357418,EXPERT WATER MODELLING PTY LTD,"",Australian Private Company,Active,ABR-Search,NSW,2000,2009-08-02 00:00:00,16,true,2010-07-01 00:00:00,true,138357418,EXPERT WATER MODELLING PTY LTD,"","","","",places/ChIJj9sZ-OavEmsRH8sQSwIHhbI,Expert Water Modelling,+61 2 9089 8841,http://ewmworld.com/,"Level 26/44 Market St, Sydney NSW 2000, Australia",consultant,"consultant,point_of_interest,service,establishment",0.0,0,2026-03-10 02:23:38.718483
29139771967,Systemate,"",Australian Private Company,Active,ABR-Search,NSW,2463,2009-10-01 00:00:00,16,true,2018-07-01 00:00:00,true,139771967,Cover Your Assets Pty Ltd,"","","","",places/ChIJt-Ecu0xd1moRWemizm1mdGY,Systematiq,+61 1300 093 812,https://www.systematiq.com.au/?utm_source=GMB&utm_medium=organic,"Level 4/287 Lonsdale St, Melbourne VIC 3000, Australia",consultant,"consultant,point_of_interest,service,establishment",5.0,6,2026-03-10 02:25:12.572943
29138769187,AAkonsult Pty Ltd,General,Australian Private Company,Active,HobsonsBay,VIC,3030,2009-10-01 00:00:00,16,true,2009-10-01 00:00:00,true,138769187,AAKonsult Pty Ltd,"","","",https://www.hobsonsbaybusiness.com.au/Business-Directory-Menu,places/ChIJnVpyF8Jm1moRuV4-qG2SujY,AAkonsult Pty Ltd,+61 3 8375 7210,https://aakonsult.com/,"2/209 Hyde St, Yarraville VIC 3013, Australia",consultant,"consultant,service,point_of_interest,establishment",4.1,10,2026-03-10 02:29:39.275698
97140210779,Baccara-Geva Australia Pty Ltd,Manufacturing,Australian Private Company,Active,AMTIL,VIC,3167,2009-10-26 00:00:00,16,true,2009-10-26 00:00:00,true,140210779,BACCARA-GEVA (AUSTRALIA) PTY LTD,"","","",https://amtil.com.au/directory/,places/ChIJ28Bkgo9u1moRLNNwNtthxGI,Baccara Geva Australia Pty Ltd.,+61 3 9570 2130,https://www.baccarastore.com.au/?utm_source=Google&utm_medium=Organic&utm_campaign=GMB,"6 Jacks Rd, Oakleigh South VIC 3167, Australia",wholesaler,"wholesaler,supplier,food,point_of_interest,manufacturer,establishment",5.0,8,2026-03-10 02:08:00.169993
22140655554,DMG MORI Australia PTY LTD,Manufacturing,Australian Private Company,Active,AMTIL,VIC,3168,2009-11-19 00:00:00,16,true,2009-11-19 00:00:00,true,140655554,DMG MORI AUSTRALIA PTY LTD,"","","",https://amtil.com.au/directory/,places/ChIJeR_TQjAV1moRES8TUtdf47A,DMG MORI AUSTRALIA PTY LTD,+61 3 8545 0900,http://www.dmgmori.com/,"6/6 Garden Rd, Clayton VIC 3168, Australia",manufacturer,"manufacturer,point_of_interest,establishment",5.0,1,2026-03-10 02:09:01.085173
71138960013,HR Gurus,General,Australian Private Company,Active,HobsonsBay,VIC,3072,2010-02-01 00:00:00,16,true,2021-07-01 00:00:00,true,138960013,HR Gurus Pty Ltd,"","","",https://www.hobsonsbaybusiness.com.au/Business-Directory-Menu?dlv_OC%20CL%20Invest%20Business%20Directory%20Listing=(pageindex=11),places/ChIJgdIWrY1C1moRgPfJ2PM4ViA,HR Gurus,+61 1300 959 560,https://hrgurus.com.au/,"4/10 Akuna Dr, Williamstown VIC 3016, Australia",service,"point_of_interest,service,establishment",4.8,41,2026-03-10 02:31:27.259572
85142793422,Australian Rollforming,Manufacturing,Australian Private Company,Active,SEMMA,VIC,2259,2010-03-25 00:00:00,15,true,2010-03-25 00:00:00,true,142793422,AUSTRALIA ROLLFORMING SERVICES PTY LTD,"","","",https://semma.com.au/directory/page/2/,places/ChIJAVjrO3ER1moRpAp2ngfWrjY,Australian Rollforming Manufacturers,+61 3 8769 7444,http://www.ausrollform.com.au/,"46A Brooks Dr, Dandenong South VIC 3175, Australia",manufacturer,"point_of_interest,manufacturer,establishment",5.0,1,2026-03-10 02:14:47.910667
55142777599,FLYONIT,General,Australian Private Company,Active,HobsonsBay,VIC,3220,2010-04-01 00:00:00,15,true,2010-04-01 00:00:00,true,142777599,FLY ON IT PTY. LTD.,"","","",https://www.hobsonsbaybusiness.com.au/Business-Directory-Menu?dlv_OC%20CL%20Invest%20Business%20Directory%20Listing=(pageindex=9),places/ChIJvf9Lgo-I1moRmMZOTHl016c,FLYONIT,+61 1300 359 664,https://www.flyonit.com.au/,"Unit 5/40C Wallace Ave, Point Cook VIC 3030, Australia",consultant,"consultant,point_of_interest,service,establishment",4.6,22,2026-03-10 02:31:01.352169
32143037361,Modelling Shoot,"",Australian Private Company,Active,ABR-Search,NSW,2745,2010-04-09 00:00:00,15,true,2010-04-09 00:00:00,true,143037361,CINE WORLD PTY LTD,"","","","",places/ChIJ57sNLT-uEmsRqeknp5OzJcY,Royalle Modelling,+61 2 8527 3450,http://royallemodelling.com.au/,"201 Sussex St, Sydney NSW 2000, Australia",service,"service,point_of_interest,establishment",4.7,38,2026-03-10 02:23:04.627672
77689458504,Austco Polar Cold Storage,Service Provider,Other Partnership,Active,NorthLink-FoodSvc,VIC,3026,2010-04-29 00:00:00,15,true,2010-04-29 00:00:00,true,"",THE TRUSTEE FOR BARWICK FAMILY TRUST & THE TRUSTEE FOR THE STONE FAMILY TRUST,"","",http://www.austocpolar.com.au,https://northlink.org.au/melbournes-north-food-group/service-provider-directory/,places/ChIJiV4aSk1g1moRdU1pBppoLok,Austco Polar Cold Storage,+61 3 9314 7022,http://austcopolar.com.au/,"5-7 Leslie Rd, Laverton North VIC 3026, Australia",storage,"storage,point_of_interest,establishment",4.0,21,2026-03-12 21:16:37.377197
64143151768,Cape Group,Manufacturing,Australian Private Company,Active,NorthLink-MfgPartner,VIC,3004,2010-05-01 00:00:00,15,true,2010-05-01 00:00:00,true,143151768,CREATION HOMES (VIC) PTY LTD,"","",https://www.nadrasca.com.au/,https://northlink.org.au/melbournes-north-advanced-manufacturing-group/partner-directory/,places/ChIJM5wa4ig51moRNPw2ye6tyEE,cape group,+61 3 9967 4108,http://www.cape.org.au/,"52-62 Rooks Rd, Nunawading VIC 3131, Australia",corporate_office,"corporate_office,point_of_interest,establishment",4.7,12,2026-03-10 02:06:35.059483
64143477847,Ezypole,Manufacturing,Australian Private Company,Active,SEMMA,VIC,3175,2010-05-05 00:00:00,15,true,2010-05-05 00:00:00,true,143477847,NEWLITE PTY LTD,"","","",https://semma.com.au/directory/page/2/,places/ChIJdfzkMtgU1moRbIOzfYnUB58,EZYPole,+61 1300 399 765,https://www.ezypole.com/,"434-442 S Gippsland Hwy, Dandenong South VIC 3175, Australia",manufacturer,"manufacturer,supplier,service,point_of_interest,establishment",5.0,1,2026-03-10 02:14:37.29384
47143673796,Logic Everywhere Pty Ltd,"",Australian Private Company,Active,ABR-Search,VIC,3152,2010-05-14 00:00:00,15,true,2010-05-14 00:00:00,true,143673796,Logic Everywhere Pty Ltd,"","","","",places/ChIJ1SQTdbRC1moRQUkQZD3zhWA,Logic,"","","20/2 Elizabeth St, Melbourne VIC 3000, Australia",point_of_interest,"point_of_interest,establishment",0.0,0,2026-03-10 02:28:39.238065
79144479890,Automation SA Pty Ltd,"",Australian Private Company,Active,ABR-Search,SA,5066,2010-06-07 00:00:00,15,true,2010-06-07 00:00:00,true,144479890,Automation SA Pty Ltd,"","","","",places/ChIJqxVZBhWysGoRehaOONrfAf4,Automated Solutions Australia,+61 1800 762 687,https://www.automatedsolutions.com.au/,"Unit 2/80 Hogarth Rd, Elizabeth South SA 5112, Australia",consultant,"consultant,supplier,manufacturer,point_of_interest,service,establishment",5.0,8,2026-03-10 02:19:46.735741
92144914401,Ensitech Pty Ltd,Manufacturing,Australian Private Company,Active,AMTIL,NSW,2750,2010-07-01 00:00:00,15,true,2010-07-01 00:00:00,true,144914401,Ensitech Pty Limited,"","","",https://amtil.com.au/directory/,places/ChIJlREXzCGGEmsRhVviSxDSiqc,TIG Brush by Ensitech,+61 2 4735 7700,https://tigbrush.com/,"1/144 Old Bathurst Rd, Emu Plains NSW 2750, Australia",manufacturer,"manufacturer,point_of_interest,establishment",0.0,0,2026-03-10 02:09:15.701976
94143929962,Autopia Tours,General,Australian Private Company,Active,HobsonsBay,VIC,3016,2010-07-01 00:00:00,15,true,2010-07-01 00:00:00,true,143929962,Get Lost Travel Pty. Ltd.,"","","",https://www.hobsonsbaybusiness.com.au/Business-Directory-Menu?dlv_OC%20CL%20Invest%20Business%20Directory%20Listing=(pageindex=4),places/ChIJuaBG2Tlh1moRarNGmmsfArA,Wildlife Tours Australia - Melbourne Tours | Sydney Tours | Darwin Tours | Perth Tours | Private Tours,+61 3 9393 1300,https://wildlifetours.com.au/,"42 Macaulay St, Williamstown North VIC 3016, Australia",tour_agency,"tour_agency,travel_agency,transportation_service,point_of_interest,service,establishment",4.8,471,2026-03-10 02:33:44.081996
90145225485,EMBEDDED NETWORK CONSULTANTS,"",Australian Private Company,Active,ABR-Search,VIC,3168,2010-07-15 00:00:00,15,true,2010-07-15 00:00:00,true,145225485,ENERGY ON PTY LTD,"","","","",places/ChIJD4hW1xVB1moRPjkwMRY5ajQ,ENM Solutions,+61 1300 000 366,https://www.enmsolutions.com.au/,"Suite 120/1 Queens Rd, Melbourne VIC 3004, Australia",service,"service,point_of_interest,establishment",5.0,10,2026-03-10 02:21:25.345468
98145324714,ACOUSTIC LOGIC PTY LIMITED,"",Australian Private Company,Active,ABR-Search,NSW,2020,2010-07-22 00:00:00,15,true,2010-07-22 00:00:00,true,145324714,ACOUSTIC LOGIC PTY LIMITED,"","","","",places/ChIJ2WgN7_2wEmsRHxpZR0vMb38,Acoustic Logic Consultancy PTY LTD.,+61 2 8339 8000,http://www.acousticlogic.com.au/,"9 Sarah St, Mascot NSW 2020, Australia",consultant,"consultant,service,point_of_interest,establishment",3.4,10,2026-03-10 02:28:55.048389
20146743900,Axelent Australia,Manufacturing,Australian Private Company,Active,AMTIL,SA,5039,2010-10-08 00:00:00,15,true,2010-10-08 00:00:00,true,146743900,AXELENT AUSTRALIA PTY LTD,"","","",https://amtil.com.au/directory/,places/ChIJzypW1A7GsGoRilWy2CubImM,Axelent Australia: Modular Industrial Safety Solutions for People & Assets. Machine Guarding. Cable Tray. Impact Protection.,+61 8 8445 8240,https://www.axelent.com.au/,"4/40 Bennet Ave, Melrose Park SA 5039, Australia",supplier,"supplier,point_of_interest,manufacturer,establishment",5.0,5,2026-03-10 02:07:55.095596
96147619958,Automation Now Pty Ltd,"",Australian Private Company,Active,ABR-Search,VIC,3083,2010-11-30 00:00:00,15,true,2010-11-30 00:00:00,true,147619958,Automation Now Pty Ltd,"","","","",places/ChIJ3RwxhExr1moRTdn3rQtQL3I,Automation Innovation,+61 3 9771 7920,http://automationinnovation.com.au/,"20 Arctic Ct, Keysborough VIC 3173, Australia",supplier,"supplier,manufacturer,point_of_interest,service,establishment",0.0,0,2026-03-10 02:19:44.961668
64144680633,SOFTWARE DOWNUNDER,"",Australian Private Company,Active,ABR-Search,NSW,2040,2011-01-01 00:00:00,15,true,2013-07-01 00:00:00,true,144680633,SYMBIOTIQUE PTY. LTD.,"","","","",places/ChIJsUhOmZjzEmsRbftIMoizS24,DownUnder IT Solutions,+61 2 4610 4947,https://downunderitsolutions.com.au/,"7 Reed St, Oran Park NSW 2570, Australia",point_of_interest,"point_of_interest,establishment",0.0,0,2026-03-10 02:16:54.834201
75149498206,Nelson Global Products (Aust) Pty Ltd,Manufacturing,Australian Private Company,Active,SEMMA,VIC,3175,2011-02-24 00:00:00,15,true,2011-02-24 00:00:00,true,149498206,Nelson Global Products Australia Pty Ltd,"","","",https://semma.com.au/directory/,places/ChIJk6TxgXYR1moR8TSVLfFvb9k,Nelson Global Products,+61 3 9730 3700,http://www.nelsonglobalproducts.com/,"317 Abbotts Rd, Dandenong South VIC 3175, Australia",manufacturer,"manufacturer,point_of_interest,establishment",0.0,0,2026-03-10 02:13:55.161452
34149410024,Booran Motor Group,Manufacturing,Australian Private Company,Active,SEMMA,VIC,3175,2011-04-01 00:00:00,14,true,2011-04-01 00:00:00,true,149410024,DANDENONG MITS PTY LTD,"","","",https://semma.com.au/directory/,places/ChIJ__8_1SVs1moRpEKbSgChNQw,Booran Motors,+61 3 9771 9400,https://www.booran.com.au/,"25 Lonsdale St, Dandenong VIC 3175, Australia",car_dealer,"car_dealer,point_of_interest,store,establishment",3.6,17,2026-03-10 02:13:09.014296
69150762940,Captains Retreat,General,Australian Private Company,Active,HobsonsBay,VIC,3016,2011-05-06 00:00:00,14,true,2011-05-06 00:00:00,true,150762940,Captains Retreat Pty Ltd,"","","",https://www.hobsonsbaybusiness.com.au/Business-Directory-Menu?dlv_OC%20CL%20Invest%20Business%20Directory%20Listing=(pageindex=5),places/ChIJSSUEJO9m1moRpugUeG-Zd1U,Captains Retreat Apartments & Cottages Williamstown,+61 3 9397 0352,https://captainsretreat.com.au/,"2 Ferguson St, Williamstown VIC 3016, Australia",lodging,"lodging,point_of_interest,establishment",4.8,99,2026-03-10 02:33:46.70819
41150994933,SugarCRM Australia Pty Ltd,Manufacturing,Australian Private Company,Active,AMTIL,NSW,2060,2011-05-19 00:00:00,14,true,2011-05-19 00:00:00,true,150994933,SugarCRM Australia Pty Ltd,"","","",https://amtil.com.au/directory/,places/ChIJ62EqiMO7MioRdLbWpcZsolg,CRM Online,+61 8 6166 8600,https://www.crmonline.com.au/,"2/12 Cowcher Pl, Belmont WA 6104, Australia",point_of_interest,"point_of_interest,establishment",4.6,10,2026-03-10 02:12:28.081882
18151083028,Making Innovation Pty Ltd,Manufacturing,Australian Private Company,Active,SEMMA,VIC,3806,2011-05-24 00:00:00,14,true,2022-05-01 00:00:00,true,151083028,MAKING INNOVATION PTY LTD,"","","",https://semma.com.au/directory/,places/ChIJcffswLZJ1moR9dtQM9YOlS4,Melbourne Innovation Centre,+61 1300 855 976,http://melbourneinnovation.com.au/,"Level 3/24 Cubitt St, Cremorne VIC 3121, Australia",consultant,"consultant,service,point_of_interest,establishment",4.9,241,2026-03-10 02:14:31.978675
27151371498,Integra Systems,Manufacturing,Australian Private Company,Active,NorthLink-MfgPartner,VIC,3047,2011-06-08 00:00:00,14,true,2011-07-01 00:00:00,true,151371498,Integra Systems Pty Ltd,"","",http://www.integrasystems.com.au,https://northlink.org.au/melbournes-north-advanced-manufacturing-group/partner-directory/,places/ChIJrzswD6Fa1moRRMYYL-IckmU,Integra Systems,+61 3 9359 3133,http://www.integrasystems.com.au/,"197 Northcorp Blvd, Broadmeadows VIC 3047, Australia",manufacturer,"manufacturer,point_of_interest,establishment",0.0,0,2026-03-10 02:06:46.554546
71151465208,Think Focus Act,General,Australian Private Company,Active,HobsonsBay,VIC,3188,2011-06-14 00:00:00,14,true,2011-06-14 00:00:00,true,151465208,THINK TO ACT PTY LTD,"","","",https://www.hobsonsbaybusiness.com.au/Business-Directory-Menu?dlv_OC%20CL%20Invest%20Business%20Directory%20Listing=(pageindex=24),places/ChIJnXG7SC1h1moRm9mD0jQv8nQ,"Think.Focus.Act Yoga - Melbourne, Newport",+61 421 044 811,http://thinkfocusact.com.au/,"33 Challis St, Newport VIC 3015, Australia",yoga_studio,"yoga_studio,fitness_center,gym,sports_complex,sports_school,sports_activity_location,health,point_of_interest,establishment",5.0,33,2026-03-10 02:33:32.948841
51120493585,SYSTIMA PTY LTD,"",Australian Private Company,Active,ABR-Search,VIC,3066,2011-06-29 00:00:00,14,true,2011-07-01 00:00:00,true,120493585,SYSTIMA PTY LTD,"","","","",places/ChIJh3Dt1OZC1moRLx0CJPtpI3g,Systima,+61 3 8353 0530,http://www.systima.com.au/,"10/70-80 Wellington St, Collingwood VIC 3066, Australia",consultant,"consultant,service,point_of_interest,establishment",4.9,14,2026-03-10 02:24:56.454243
75098207375,Inspect & Report,General,Australian Private Company,Active,HobsonsBay,VIC,3912,2011-07-01 00:00:00,14,true,2019-05-27 00:00:00,true,098207375,Inspect Pty Ltd,"","","",https://www.hobsonsbaybusiness.com.au/Business-Directory-Menu?dlv_OC%20CL%20Invest%20Business%20Directory%20Listing=(pageindex=12),places/ChIJVdzCImth1moR6EklPaX3sjo,INSPECT & REPORT PROPERTY INSPECTIONS,+61 418 922 238,https://inspectreport.com.au/,"Blair Ct, Altona North VIC 3025, Australia",service,"point_of_interest,service,establishment",5.0,30,2026-03-10 02:31:32.539787
14151312613,ELGi Equipments,Manufacturing,Australian Private Company,Active,AMTIL,NSW,2148,2011-07-12 00:00:00,14,true,2011-07-12 00:00:00,true,151312613,ELGI EQUIPMENTS AUSTRALIA PTY LTD,"","","",https://amtil.com.au/directory/,places/ChIJcaSYweyZEmsRMHS96FxpS84,ELGi Equipments Australia Pty Ltd,+61 1300 625 704,https://www.elgi.com/au/,"3 Squill Pl, Arndell Park NSW 2148, Australia",supplier,"supplier,manufacturer,point_of_interest,establishment",5.0,1,2026-03-10 02:09:12.462192
47153066481,Logic and Control Pty Ltd,"",Australian Private Company,Active,ABR-Search,SA,5174,2011-09-06 00:00:00,14,true,2013-10-01 00:00:00,true,153066481,Logic and Control Pty Ltd,"","","","",places/ChIJ39GRP7c91moRlYeChqyvXDA,Control Logic,+61 1800 557 705,http://controllogic.com.au/,"42 Indian Dr, Keysborough VIC 3173, Australia",supplier,"supplier,manufacturer,point_of_interest,establishment",0.0,0,2026-03-10 02:28:45.774278
33153561776,Dentalife Australia,Manufacturing,Australian Private Company,Active,SEMMA,VIC,3134,2011-10-04 00:00:00,14,true,2011-10-04 00:00:00,true,153561776,Dentalife Australia Pty Ltd,"","","",https://semma.com.au/directory/,places/ChIJTWsywEE61moRovmmmdPLGg8,Dentalife Australia Pty Ltd,+61 3 9871 1500,https://dentalife.com.au/,"Factory 9/505 Maroondah Hwy, Ringwood VIC 3134, Australia",manufacturer,"manufacturer,point_of_interest,establishment",0.0,0,2026-03-10 02:14:01.247834
23141725126,Certex International,Manufacturing,Australian Private Company,Active,SEMMA,VIC,3189,2011-11-01 00:00:00,14,true,2011-11-01 00:00:00,true,141725126,CERTEX INTERNATIONAL PTY. LTD.,"","","",https://semma.com.au/directory/,places/ChIJRSbGymVv1moRclNsR1CLBzc,Certex International,+61 3 9555 3855,https://www.certex.com.au/,"Suite 19/5a Hartnett Cl, Mulgrave VIC 3170, Australia",point_of_interest,"point_of_interest,establishment",0.0,0,2026-03-10 02:13:20.202592
44154027559,Logic Health,"",Australian Private Company,Active,ABR-Search,NSW,2040,2011-11-01 00:00:00,14,true,2011-11-01 00:00:00,true,154027559,Logic Enterprises (Wa) Pty Ltd,"","","","",places/ChIJRSaK2KyXEmsRq1DTiReBHJs,Logic Health Wetherill Park - Pre-Employments and Occupational Health Services,+61 1300 316 774,https://www.logichealth.com.au/location/logic-health-wetherill-park/?utm_source=google&utm_medium=organic&utm_campaign=gmb,"447b Victoria St, Wetherill Park NSW 2164, Australia",medical_clinic,"medical_clinic,health,point_of_interest,establishment",5.0,14,2026-03-10 02:28:40.595948
89154093366,Kraftech Australia,Manufacturing,Australian Private Company,Active,AMTIL,NSW,2212,2011-11-04 00:00:00,14,true,2011-11-04 00:00:00,true,154093366,KRAFTECH PTY LTD,"","","",https://amtil.com.au/directory/,places/ChIJy5peSn63EmsRjpW8fN0iqmg,Kraftech,+61 2 9599 3848,http://www.kraftech.com.au/,"93 Carrington St, Revesby NSW 2212, Australia",supplier,"supplier,manufacturer,point_of_interest,service,establishment",0.0,0,2026-03-10 02:10:35.464207
13154671333,Document Modelling Pty Ltd,"",Australian Private Company,Active,ABR-Search,NSW,2095,2011-12-07 00:00:00,14,true,2011-12-07 00:00:00,true,154671333,Document Modelling Pty Ltd,"","","","",places/ChIJ57sNLT-uEmsRqeknp5OzJcY,Royalle Modelling,+61 2 8527 3450,http://royallemodelling.com.au/,"201 Sussex St, Sydney NSW 2000, Australia",service,"point_of_interest,service,establishment",4.7,38,2026-03-10 02:23:08.386919
86154688794,BDS AUTOCARE WILLIAMSTOWN,General,Australian Private Company,Active,HobsonsBay,VIC,3215,2011-12-08 00:00:00,14,true,2012-01-01 00:00:00,true,154688794,bds autocare pty ltd,"","","",https://www.hobsonsbaybusiness.com.au/Business-Directory-Menu?dlv_OC%20CL%20Invest%20Business%20Directory%20Listing=(pageindex=4),places/ChIJueK2oEdh1moRLmUl05L2qYA,Bds-autocare,+61 3 9399 8782,"","3 Bentley St, Williamstown North VIC 3016, Australia",car_repair,"car_repair,service,point_of_interest,establishment",3.2,70,2026-03-10 02:30:09.996057
67137890049,Bodacious Coffee,Manufacturing,Australian Private Company,Active,NorthLink-FoodMfg,VIC,3152,2012-01-01 00:00:00,14,true,2012-01-01 00:00:00,true,137890049,AESP Pty Ltd,"","",https://www.bodaciouscoffee.com.au/,https://northlink.org.au/melbournes-north-food-group/manufacturer-directory/,places/ChIJebM2nLc91moRXV8uCr8Yqgw,BODACIOUS COFFEE ROASTERS,+61 3 9800 0088,https://www.bodaciouscoffee.com.au/,"112 Lewis Rd, Wantirna South VIC 3152, Australia",coffee_roastery,"coffee_roastery,food,point_of_interest,establishment",5.0,11,2026-03-10 02:05:32.144633
35155540551,Aquila Commercial Finance,Manufacturing,Australian Private Company,Active,SEMMA,VIC,3141,2012-02-07 00:00:00,14,true,2012-02-07 00:00:00,true,155540551,AQUILA SECURITIES PTY. LTD.,"","","",https://semma.com.au/directory/,places/ChIJ7b27RLNC1moRtRfHjzjZULM,Aquila Corporate Advisory,"",http://www.aquilacorporate.com.au/,"15-19 Claremont St, South Yarra VIC 3141, Australia",corporate_office,"corporate_office,point_of_interest,establishment",0.0,0,2026-03-10 02:13:40.777188
57155579669,Woods Media,Manufacturing,Australian Private Company,Active,SEMMA,VIC,3720,2012-02-08 00:00:00,14,true,2012-02-08 00:00:00,true,155579669,WOODS MEDIA PTY. LTD.,"","","",https://semma.com.au/directory/,places/ChIJT8Oqs0fCJ2sRoswBUqhcgPU,Woods Media Pty. Ltd.,"","","1738 Maroondah Hwy, Bonnie Doon VIC 3720, Australia",point_of_interest,"point_of_interest,establishment",0.0,0,2026-03-10 02:13:57.045158
35155582746,Embedded Intellect Pty Ltd,"",Australian Private Company,Active,ABR-Search,NSW,2037,2012-02-08 00:00:00,14,true,2012-02-08 00:00:00,true,155582746,Embedded Intellect Pty Ltd,"","","","",places/ChIJd5xMUvKuEmsRRUqCF02VIe8,Embedded Intellect Pty Ltd,+61 429 414 000,http://embeddedintellect.com/,"77/101 Miller St, North Sydney NSW 2060, Australia",supplier,"supplier,point_of_interest,service,establishment",0.0,0,2026-03-10 02:21:14.89766
79155597961,Arrow MPS,Manufacturing,Australian Private Company,Active,SEMMA,VIC,3175,2012-02-09 00:00:00,14,true,2012-02-09 00:00:00,true,155597961,Newbeach MPS Pty Ltd,"","","",https://semma.com.au/directory/page/3/,places/ChIJPYdxWFsS1moR1h4JIjMU2U8,Arrow MPS,+61 3 9551 4371,http://www.arrowmps.com.au/,"46/48 Licola Cres, Dandenong South VIC 3175, Australia",manufacturer,"point_of_interest,manufacturer,establishment",0.0,0,2026-03-10 02:16:10.311199
46155805913,Platform 383 Pty Ltd,"",Australian Private Company,Active,ABR-Search,VIC,3000,2012-02-20 00:00:00,14,true,2012-02-20 00:00:00,true,155805913,Platform 383 Pty Ltd,"","","","","","","","","","","",0.0,0,2026-03-10 02:26:17.857515
44155984179,PLATFORM 23 PTY. LTD.,"",Australian Private Company,Active,ABR-Search,VIC,3129,2012-03-01 00:00:00,14,true,2015-09-17 00:00:00,true,155984179,PLATFORM 23 PTY. LTD.,"","","","",places/ChIJITmhIKhC1moRLWQb6CWpyus,23 Digital,+61 1300 233 444,https://www.23digital.com.au/,"1/61-63 Wellington St, St Kilda VIC 3182, Australia",service,"service,point_of_interest,establishment",4.5,249,2026-03-10 02:25:20.57207
52157997012,OPTIMISED FINANCIAL MODELLING PTY LTD,"",Australian Private Company,Active,ABR-Search,VIC,3089,2012-04-25 00:00:00,13,true,2013-07-01 00:00:00,true,157997012,OPTIMISED FINANCIAL MODELLING PTY LTD,"","","","",places/ChIJHZJe_L5B1moRZN4IshYwzRg,Optimise Financial Pty Ltd,+61 421 494 751,http://www.optimisefinancial.com.au/,"Camberwell Place, Tenancy 111/793 Burke Rd, Camberwell VIC 3124, Australia",consultant,"consultant,finance,point_of_interest,service,establishment",0.0,0,2026-03-10 02:23:53.507512
77158345834,Austral Wright Metals Pty Ltd,Manufacturing,Australian Private Company,Active,AMTIL,NSW,2164,2012-05-14 00:00:00,13,true,2012-05-14 00:00:00,true,158345834,AW DISTRIBUTION PTY LTD,"","","",https://amtil.com.au/directory/,places/ChIJWSWsfc6-62sRdazvMhoELOY,Austral Wright Metals,+61 2 9827 0790,https://www.australwright.com.au/,"133-139 Cowpasture Rd, Wetherill Park NSW 2164, Australia",supplier,"supplier,manufacturer,point_of_interest,establishment",4.7,30,2026-03-10 02:07:48.933388
11158413524,Applied Machinery Australia Pty Ltd,Manufacturing,Australian Private Company,Active,AMTIL,VIC,3175,2012-05-17 00:00:00,13,true,2012-06-15 00:00:00,true,158413524,APPLIED MACHINERY AUSTRALIA PTY LTD,"","","",https://amtil.com.au/directory/,places/ChIJHyP-2dkT1moRn2D86J3EN5A,Applied Machinery,+61 3 9706 8066,https://www.appliedmachinery.com.au/,"55-61 Nissan Dr, Dandenong VIC 3175, Australia",supplier,"supplier,service,point_of_interest,manufacturer,establishment",4.7,13,2026-03-10 02:07:45.931711
50158645802,AMPED AUTOMATION PTY LTD,"",Australian Private Company,Active,ABR-Search,NSW,2100,2012-06-07 00:00:00,13,true,2012-06-07 00:00:00,true,158645802,AMPED AUTOMATION PTY LTD,"","","","",places/ChIJ-zLt92CqEmsRJNNUpWCLE3A,Amped Automation,+61 430 239 350,http://www.ampedautomation.com/,"Unit 1/10 Wattle Rd, Brookvale NSW 2100, Australia",manufacturer,"manufacturer,point_of_interest,service,establishment",4.0,16,2026-03-10 02:20:21.332887
79159285006,Euromac Australia,Manufacturing,Australian Private Company,Active,AMTIL,SA,5253,2012-07-01 00:00:00,13,true,2012-07-01 00:00:00,true,159285006,EUROMAC AUSTRALIA PTY LTD,"","","",https://amtil.com.au/directory/,places/ChIJu3YEnsI91moRdb2lEDui2GY,Okuma Australia Pty Ltd,+61 1300 165 862,http://www.okumaaustralia.com.au/,"3 Tampe Rd, Rowville VIC 3178, Australia",manufacturer,"point_of_interest,manufacturer,establishment",3.7,3,2026-03-10 02:09:18.246884
17159624576,SYSTEMISR PTY LIMITED,"",Australian Private Company,Active,ABR-Search,NSW,2038,2012-07-24 00:00:00,13,true,2012-07-24 00:00:00,true,159624576,SYSTEMISR PTY LIMITED,"","","","",places/ChIJHZX40EKuEmsRPR71fsqf7sw,Systemisr,+61 2 7256 8393,https://systemisr.com/,"3/12-20 Argyle St, The Rocks NSW 2000, Australia",service,"service,point_of_interest,establishment",0.0,0,2026-03-10 02:25:09.879326
32159715358,CREATIVE PLATFORM PTY LTD,"",Australian Private Company,Active,ABR-Search,NSW,2060,2012-08-10 00:00:00,13,true,2012-08-10 00:00:00,true,159715358,CREATIVE PLATFORM PTY LTD,"","","","",places/ChIJdRig-euuEmsRwEXfdpLLC_8,Creative Platform,+61 2 9954 0789,http://creativeplatform.com.au/,"207/3 Eden St, North Sydney NSW 2060, Australia",service,"point_of_interest,service,establishment",0.0,0,2026-03-10 02:26:54.648828
39159877406,AONE Laser Pty Ltd,Manufacturing,Australian Private Company,Active,SEMMA,VIC,3803,2012-08-12 00:00:00,13,true,2012-08-12 00:00:00,true,159877406,AONE LASER PTY LTD,"","","",https://semma.com.au/directory/,places/ChIJz9B35DIR1moRTnGV1HGqujE,Aone Laser Pty Ltd,+61 3 9796 5500,http://www.aonelaser.com.au/,"10 Wedgewood Rd, Hallam VIC 3803, Australia",manufacturer,"point_of_interest,manufacturer,establishment",4.1,10,2026-03-10 02:14:09.342733
42159945454,2PI SOFTWARE,"",Australian Private Company,Active,ABR-Search,NSW,2000,2012-08-21 00:00:00,13,true,2012-08-21 00:00:00,true,159945454,TRIPLEACS PTY LTD,"","","","",places/ChIJmzAQZnDHEmsRrlqK1LXgu5A,TwoPi Code,+61 1300 345 126,http://www.twopicode.com/,"Level 2/383 George St, Sydney NSW 2000, Australia",point_of_interest,"point_of_interest,establishment",5.0,7,2026-03-10 02:17:58.682129
12160062288,CMR STRUCTURAL 3D MODELLING PTY LTD,"",Australian Private Company,Active,ABR-Search,VIC,3754,2012-08-24 00:00:00,13,true,2012-08-24 00:00:00,true,160062288,CMR STRUCTURAL 3D MODELLING PTY LTD,"","","","",places/ChIJmxgbMbly1moR-IUuMkSRCI0,"SMR Engineering - Structural Engineering, Renovations, & Extensions",+61 415 178 543,http://smrengineering.com.au/,"66 Chelsea Rd, Chelsea VIC 3196, Australia",service,"point_of_interest,service,establishment",4.3,6,2026-03-10 02:24:16.806961
55160327346,Textured Concept Foods,Manufacturing,Australian Private Company,Active,NorthLink-FoodMfg,VIC,3061,2012-09-12 00:00:00,13,true,2012-09-12 00:00:00,true,160327346,TEXTURED CONCEPT FOODS PTY LTD,"","",https://texturedconceptfoods.com.au/,https://northlink.org.au/melbournes-north-food-group/manufacturer-directory/,places/ChIJl1Ik7YVLJgARFBHrE0CGC6I,Textured Concept Foods,+61 3 9357 6007,http://texturedconceptfoods.com.au/,"91 Mason St, Campbellfield VIC 3061, Australia",manufacturer,"manufacturer,point_of_interest,food,establishment",5.0,2,2026-03-10 02:06:18.564672
12160381439,EMBEDDED PROJECT ENGINEERING PTY LTD,"",Australian Private Company,Active,ABR-Search,NSW,2286,2012-09-17 00:00:00,13,true,2012-09-17 00:00:00,true,160381439,EMBEDDED PROJECT ENGINEERING PTY LTD,"","","","",places/ChIJ76S_LSCqEmsRl0sttsIlO48,Embedded Devices,+61 2 9975 4549,http://www.embeddeddevices.com.au/,"12/8-9 Tilley Ln, Frenchs Forest NSW 2086, Australia",consultant,"consultant,point_of_interest,service,establishment",0.0,0,2026-03-10 02:21:26.526478
71160197008,u&u. Recruitment Partners,Manufacturing,Australian Private Company,Active,SEMMA,VIC,4000,2012-09-24 00:00:00,13,true,2012-09-24 00:00:00,true,160197008,U&U PTY LTD,"","","",https://semma.com.au/directory/,places/ChIJfUbaZ-RD1moRYK1wiUwrebQ,u&u Recruitment Partners Melbourne,+61 3 9437 4800,https://www.uandu.com/,"Level 22/100 Queen St, Melbourne VIC 3000, Australia",employment_agency,"employment_agency,service,point_of_interest,establishment",4.9,98,2026-03-10 02:14:00.417576
91160701717,PLATFORM SPORTS PTY LTD,"",Australian Private Company,Active,ABR-Search,VIC,3156,2012-10-10 00:00:00,13,true,2013-01-01 00:00:00,true,160701717,PLATFORM SPORTS PTY LTD,"","","","",places/ChIJJc6uOwqxOG0RyQQlSvHWmYg,Platform Sports Management,+64 27 601 5529,http://www.platformsportsmanagement.com/,"2A Railway Street, Newmarket, Auckland 1061, New Zealand",sports_school,"sports_school,consultant,point_of_interest,service,establishment",5.0,61,2026-03-10 02:26:07.346973
84160892937,CONSTRUCTION SOFTWARE PTY LTD,"",Australian Private Company,Active,ABR-Search,VIC,3008,2012-10-22 00:00:00,13,true,2012-10-22 00:00:00,true,160892937,CONSTRUCTION SOFTWARE PTY LTD,"","","","",places/ChIJBzxNoR1o1moRJuLIGbbqzDg,Construction Software Pty Ltd,+61 3 9981 5728,http://constructionsoftware.biz/,"82 Lorimer St, Docklands VIC 3008, Australia",point_of_interest,"point_of_interest,establishment",3.2,5,2026-03-10 02:18:06.867704
15161169151,IntelliStrata Platform,"",Australian Private Company,Active,ABR-Search,VIC,3000,2012-11-14 00:00:00,13,true,2012-11-14 00:00:00,true,161169151,STRATA NEXTGEN PTY LTD,"","","","",places/ChIJWTJJ9M9R1moRJm4sKCRIG40,Intellistrata Platform,+61 3 9001 6956,https://www.intellistrata.com.au/,"17/31 Queen St, Melbourne VIC 3000, Australia",point_of_interest,"point_of_interest,establishment",4.4,7,2026-03-10 02:27:12.102625
58114574515,Kaishan Australia Pty Ltd,Manufacturing,Australian Private Company,Active,"AMTIL,SEMMA",VIC,3173,2013-01-01 00:00:00,13,true,2013-01-01 00:00:00,true,114574515,KAISHAN AUSTRALIA PTY LTD,"","","",https://amtil.com.au/directory/,places/ChIJEz58lt1s1moRG5aSvqPYZSs,Kaishan Compressors Pty Ltd,+61 1300 098 901,https://www.kaishan.com.au/,"134-140 Atlantic Dr, Keysborough VIC 3173, Australia",supplier,"supplier,manufacturer,point_of_interest,service,establishment",4.4,14,2026-03-10 02:15:35.276683
46161873687,Mescon Pty Ltd,Manufacturing,Australian Private Company,Active,"AMTIL,SEMMA",VIC,3192,2013-01-09 00:00:00,13,true,2013-07-01 00:00:00,true,161873687,MESCON PTY LTD,"","","",https://amtil.com.au/directory/,places/ChIJNZXzZuJs1moRJBXUvIaCA8E,Mescon,+61 3 8751 1579,http://www.mescon.com.au/,"18 Elliott St, Cheltenham VIC 3192, Australia",consultant,"consultant,manufacturer,point_of_interest,service,establishment",0.0,0,2026-03-10 02:15:48.743846
82162228159,LOGIC ELECTRICAL PTY LTD,"",Australian Private Company,Active,ABR-Search,NSW,2099,2013-02-05 00:00:00,13,true,2013-02-07 00:00:00,true,162228159,LOGIC ELECTRICAL PTY LTD,"","","","","","","","","","","",0.0,0,2026-03-10 02:27:43.819224
71162676440,SEVAAN Group Pty Ltd,Manufacturing,Australian Private Company,Active,AMTIL,NSW,2144,2013-03-05 00:00:00,13,true,2013-03-21 00:00:00,true,162676440,SAFAAN GROUP PTY LTD,"","","",https://amtil.com.au/directory/,places/ChIJ5xrMUB7sEmsRe16Q2OacyQo,Sevaan Group,+61 2 9824 5555,https://www.sevaangroup.com.au/,"12 Reaghs Farm Rd, Minto NSW 2566, Australia",general_contractor,"general_contractor,manufacturer,point_of_interest,service,establishment",4.6,8,2026-03-10 02:12:13.706658
40162880426,MARKET1 SOFTWARE PTY. LTD.,"",Australian Private Company,Active,ABR-Search,VIC,3156,2013-03-19 00:00:00,12,true,2013-03-19 00:00:00,true,162880426,MARKET1 SOFTWARE PTY. LTD.,"","","","",places/ChIJ_____0Bo1moRk8JJi1SH0Go,MarketOne Australia,+61 3 9534 4333,http://www.marketone.com/,"level 3/31 Queen St, Melbourne VIC 3000, Australia",service,"service,point_of_interest,establishment",5.0,2,2026-03-10 02:18:17.089151
33162884077,TELEMETRIX PTY LTD,"",Australian Private Company,Active,ABR-Search,VIC,3174,2013-03-22 00:00:00,12,true,2013-03-22 00:00:00,true,162884077,TELEMETRIX PTY LTD,"","","","",places/ChIJu9hl2upn1moREjkWRVy3DBA,Telemetrix Pty Ltd,+61 413 944 522,http://www.telemetrix.com.au/,"Unit G4/187-195 Graham St, Melbourne VIC 3207, Australia",consultant,"consultant,point_of_interest,service,establishment",5.0,1,2026-03-10 02:18:57.438637
92163053594,Industrial Dynamics,Manufacturing,Australian Private Company,Active,SEMMA,VIC,3161,2013-03-27 00:00:00,12,true,2013-04-01 00:00:00,true,163053594,INDUSTRIAL DYNAMICS PTY LTD,"","","",https://semma.com.au/directory/,places/ChIJfekWclts1moRqOOKodqd6BM,Industrial Dynamics Pty Ltd,+61 3 9585 2739,https://industrialdynamics.com.au/,"By Appointment, 36 Taunton Dr, Cheltenham VIC 3192, Australia",general_contractor,"general_contractor,supplier,service,point_of_interest,manufacturer,establishment",0.0,0,2026-03-10 02:14:18.804478
34163243641,Livetools Pty Ltd,Manufacturing,Australian Private Company,Active,AMTIL,NSW,2294,2013-04-10 00:00:00,12,true,2013-04-10 00:00:00,true,163243641,LIVETOOLS PTY LIMITED,"","","",https://amtil.com.au/directory/,places/ChIJp8SNjGsUc2sRhhkhM0CG0go,Livetools,+61 2 4017 0198,https://livetools.com.au/,"115 Young St, Carrington NSW 2294, Australia",building_materials_store,"building_materials_store,wholesaler,manufacturer,point_of_interest,service,store,establishment",5.0,12,2026-03-10 02:10:45.813926
96163318045,Leading Edge Energy,Manufacturing,Australian Private Company,Active,NorthLink-MfgPartner,NSW,2000,2013-04-17 00:00:00,12,true,2013-04-17 00:00:00,true,163318045,FORTISERVE GROUP PTY LTD,"","",http://www.leadingedgeenergy.com.au/,https://northlink.org.au/melbournes-north-advanced-manufacturing-group/partner-directory/,places/ChIJVYhNOYeoEmsR4DxwifJ211o,Leading Edge Energy,+61 1300 852 770,https://www.leadingedgeenergy.com.au/,"Challis House, Suite 4, Level 4/4 Martin Pl, Sydney NSW 2000, Australia",consultant,"consultant,supplier,service,point_of_interest,establishment",5.0,182,2026-03-10 02:06:49.387268
19163401081,evok3d.com Pty Ltd,Manufacturing,Australian Private Company,Active,AMTIL,VIC,3122,2013-04-23 00:00:00,12,true,2013-04-23 00:00:00,true,163401081,EVOK3D.COM PTY. LTD.,"","","",https://amtil.com.au/directory/,places/ChIJtco8Zhdr1moROvxpCRacaY4,EVOK3D 3D Printing Solutions,+61 1800 386 533,https://evok3d.com.au/,"2/4 Guest St, Hawthorn VIC 3122, Australia",service,"point_of_interest,service,establishment",3.0,2,2026-03-10 02:09:18.977263
50163550767,Sharrock Pitman Legal Pty Ltd,Manufacturing,Australian Private Company,Active,SEMMA,VIC,3149,2013-05-24 00:00:00,12,true,2013-07-01 00:00:00,true,163550767,SHARROCK PITMAN LEGAL PTY. LTD.,"","","",https://semma.com.au/directory/page/2/,places/ChIJXw6hQcA_1moRZhgHi57NeHc,Sharrock Pitman Legal,+61 3 9560 2922,https://www.sharrockpitman.com.au/,"233 Blackburn Rd, Mount Waverley VIC 3149, Australia",accounting,"accounting,finance,lawyer,consultant,service,point_of_interest,establishment",4.7,88,2026-03-10 02:15:36.005187
36164197031,Heighton,Service Provider,Australian Private Company,Active,NorthLink-FoodSvc,VIC,3451,2013-06-11 00:00:00,12,true,2013-06-11 00:00:00,true,164197031,CSS INTERNATIONAL GROUP PTY LTD,"","",https://www.heighton.com.au/,https://northlink.org.au/melbournes-north-food-group/service-provider-directory/,places/ChIJfUNCzQQT1GoRAOqMIXVWBAU,Highton,"","","Highton VIC 3216, Australia",locality,"locality,political",0.0,0,2026-03-12 21:17:08.133231
76131318084,Platform Realty,"",Australian Private Company,Active,ABR-Search,NSW,2067,2013-06-17 00:00:00,12,true,2013-06-17 00:00:00,true,131318084,LIFE CHANGING ENTERPRISE PTY LTD,"","","","",places/ChIJA9w4w9WoEmsRY7kyYMT_L3o,Platform Realty,+61 402 525 080,https://www.platformrealty.com.au/,"Ground Floor/465 Victoria Ave, Chatswood NSW 2067, Australia",real_estate_agency,"real_estate_agency,point_of_interest,service,establishment",4.9,51,2026-03-10 02:26:31.166093
28164567677,AUTOMATION ENGINEERING SERVICES PTY LTD,"",Australian Private Company,Active,ABR-Search,NSW,2101,2013-07-01 00:00:00,12,true,2013-07-01 00:00:00,true,164567677,AUTOMATION ENGINEERING SERVICES PTY LTD,"","","","",places/ChIJcbma-hlVDWsRMv4aYFXIdmk,Automation Engineering Services,+61 417 028 245,http://thinkoutsideofthesquare.com/,"Suite 6/4 Narrabeen St, Narrabeen NSW 2101, Australia",consultant,"consultant,service,point_of_interest,establishment",0.0,0,2026-03-10 02:20:49.082957
91111216365,Modelling Academy,"",Australian Private Company,Active,ABR-Search,VIC,3121,2013-07-01 00:00:00,12,true,2013-07-01 00:00:00,true,111216365,AUSTRALIAN ACADEMY OF MODELLING PTY LTD,"","","","",places/ChIJ7RIUNHxC1moRb0xJN1Beh1g,Australian Academy of Modelling,+61 1300 249 745,https://australianacademyofmodelling.com.au/,"Level 2/100 Cubitt St, Cremorne VIC 3121, Australia",service,"service,point_of_interest,establishment",4.8,41,2026-03-10 02:23:25.857326
26164348083,Wine In A Glass,Manufacturing,Australian Private Company,Active,NorthLink-FoodMfg,VIC,3076,2013-07-17 00:00:00,12,true,2013-07-17 00:00:00,true,164348083,WINE IN A GLASS PTY. LTD.,"","",https://wineinaglass.com.au/,https://northlink.org.au/melbournes-north-food-group/manufacturer-directory/,places/ChIJ2we0hpVP1moRbQGxQhZYVhE,WIAG Global (Wine In A Glass Pty Ltd),+61 439 515 576,https://wiagglobal.com/,"62 Ricky Way, Epping VIC 3076, Australia",wholesaler,"wholesaler,point_of_interest,establishment",4.8,22,2026-03-10 02:06:26.245477
16164419318,The Automation Co.,"",Australian Private Company,Active,ABR-Search,NSW,2251,2013-07-26 00:00:00,12,true,2014-04-01 00:00:00,true,164419318,HILIUM PTY. LTD.,"","","","",places/ChIJhcGAz6QVc2sR2jtEfuDli7U,Automation Industries,+61 1300 411 331,https://www.automationindustries.com.au/,"4/5 Arunga Dr, Beresfield NSW 2322, Australia",manufacturer,"manufacturer,point_of_interest,service,establishment",5.0,1,2026-03-10 02:18:59.98576
78165458891,Flexikitch,Service Provider,Australian Private Company,Active,NorthLink-FoodSvc,VIC,3056,2013-08-27 00:00:00,12,true,2013-08-27 00:00:00,true,165458891,FLEXIKITCH PTY LTD,"","",https://flexikitch.com.au/,https://northlink.org.au/melbournes-north-food-group/service-provider-directory/,places/ChIJIRCXmhdb1moRZZVoC_5vHf0,Flexikitch,+61 1300 769 161,https://www.flexikitch.com.au/,"45-49 Tinning St, Brunswick VIC 3056, Australia",finance,"finance,point_of_interest,service,establishment",4.8,84,2026-03-12 21:16:58.894078
73166070711,KNAPP Australia,Manufacturing,Australian Private Company,Active,AMTIL,VIC,3195,2013-10-01 00:00:00,12,true,2013-10-01 00:00:00,true,166070711,KNAPP AUSTRALIA PTY LTD,"","","",https://amtil.com.au/directory/,places/ChIJf4uZEj5t1moRhxKPVNz7c00,KNAPP Australia,+61 3 9580 4152,http://knapp.com/en/,"2/314 Governor Rd, Braeside VIC 3195, Australia",supplier,"supplier,manufacturer,point_of_interest,service,establishment",5.0,3,2026-03-10 02:10:30.899133
51164839061,GPT PLATFORM PTY LIMITED,"",Australian Private Company,Active,ABR-Search,NSW,2000,2013-10-02 00:00:00,12,true,2013-10-02 00:00:00,true,164839061,GPT PLATFORM PTY LIMITED,"","","","",places/ChIJp1vZD0CuEmsR3JXZ0z2wD1s,GPT Group,+61 2 8239 3555,http://www.gpt.com.au/,"level 15/2 Park St, Sydney NSW 2000, Australia",general_contractor,"general_contractor,point_of_interest,service,establishment",3.4,5,2026-03-10 02:27:07.167743
23166338245,SOFTWARE CAVERN PTY. LTD.,"",Australian Private Company,Active,ABR-Search,VIC,3377,2013-10-30 00:00:00,12,true,2013-11-13 00:00:00,true,166338245,SOFTWARE CAVERN PTY. LTD.,"","","","",places/ChIJgSy06VKE1moRk7zZ62AqxUo,Cavern Group,+61 3 9731 0633,http://caverngroup.com.au/,"1 Loop Rd, Werribee VIC 3030, Australia",electrician,"electrician,point_of_interest,service,establishment",0.0,0,2026-03-10 02:16:50.006121
66166882391,Avant Group,Manufacturing,Australian Private Company,Active,AMTIL,VIC,3144,2013-11-21 00:00:00,12,true,2014-02-01 00:00:00,true,166882391,AVANT GROUP PTY. LTD.,"","","",https://amtil.com.au/directory/,places/ChIJofgdvkxd1moR7MHp_Xxo010,Avant Group,+61 3 8567 7500,https://www.avantgroup.com.au/,"Suite 338/29 Milton Parade, Malvern VIC 3144, Australia",corporate_office,"corporate_office,consultant,service,point_of_interest,establishment",4.9,36,2026-03-10 02:07:54.357693
96167021301,AUTOMATION SOLUTIONS & ROBOTICS PTY LTD,"",Australian Private Company,Active,ABR-Search,VIC,3910,2013-11-29 00:00:00,12,true,2013-11-29 00:00:00,true,167021301,AUTOMATION SOLUTIONS & ROBOTICS PTY LTD,"","","","",places/ChIJAd5d001n1moRFzgylOuDnPs,Automated Solutions Australia,+61 1800 762 687,https://www.automatedsolutions.com.au/,"34 Burgess St, Brooklyn VIC 3012, Australia",consultant,"consultant,manufacturer,point_of_interest,service,establishment",5.0,3,2026-03-10 02:20:58.268917
72167020895,SoftWire Systems,Manufacturing,Australian Private Company,Active,SEMMA,VIC,2066,2013-12-01 00:00:00,12,true,2013-12-01 00:00:00,true,167020895,SOFTWIRE SYSTEMS PTY LTD,"","","",https://semma.com.au/directory/,places/ChIJ_3y-S7BA1moRwV9z7y8iD5c,Softel Systems,+61 3 8819 5300,http://www.softelsystems.com.au/,"737 Bourke St, Docklands VIC 3008, Australia",point_of_interest,"point_of_interest,establishment",5.0,1,2026-03-10 02:13:17.156214
98167316289,KUKA Robotics Australia Pty Ltd,Manufacturing,Australian Private Company,Active,AMTIL,VIC,3178,2013-12-19 00:00:00,12,true,2014-01-01 00:00:00,true,167316289,KUKA ROBOTICS AUSTRALIA PTY. LTD.,"","","",https://amtil.com.au/directory/,places/ChIJbWgmAo1n1moRpCgkSZ9tc90,KUKA Robotics Australia Pty Ltd,+61 3 9939 9656,http://kuka.com/,"25 Kingsley Cl, Rowville VIC 3178, Australia",manufacturer,"manufacturer,point_of_interest,establishment",0.0,0,2026-03-10 02:10:36.441527
52167323319,AUTOMATION SQUARED PTY LTD,"",Australian Private Company,Active,ABR-Search,NSW,2207,2013-12-19 00:00:00,12,true,2014-07-01 00:00:00,true,167323319,AUTOMATION SQUARED PTY LTD,"","","","",places/ChIJreqiuPln1moRgDm01BLH_j4,C Squared Automation,+61 1300 277 827,https://c2automation.com.au/,"by appointment only, 59/65 Buckhurst St, South Melbourne VIC 3205, Australia",manufacturer,"manufacturer,service,point_of_interest,establishment",5.0,4,2026-03-10 02:19:33.205186
91167544630,Ottotech Services Pty Ltd,Manufacturing,Australian Private Company,Active,AMTIL,NSW,2095,2014-01-15 00:00:00,12,true,2014-01-15 00:00:00,true,167544630,OTTOTECH SERVICES PTY LTD,"","","",https://amtil.com.au/directory/,"","","","","","","",0.0,0,2026-03-10 02:11:29.1226
35497263529,Alpha Detroit Heat Treatment,Manufacturing,Family Partnership,Active,SEMMA,VIC,3189,2014-02-06 00:00:00,12,true,2014-02-06 00:00:00,true,"",I.N MAHONEY & J.H MAHONEY,"","","",https://semma.com.au/directory/page/2/,places/ChIJJU-buQVs1moRi40xvhVuH5w,Alpha Detroit Heat Treatment,+61 3 9555 3682,https://alphadetroit.com.au/,"8 Independence St, Moorabbin VIC 3189, Australia",point_of_interest,"point_of_interest,establishment",5.0,1,2026-03-10 02:14:57.541813
47168107382,VEMCO TELEMETRY AUSTRALIA PTY LIMITED,"",Australian Private Company,Active,ABR-Search,NSW,2000,2014-02-18 00:00:00,12,true,2014-04-07 00:00:00,true,168107382,VEMCO TELEMETRY AUSTRALIA PTY LIMITED,"","","","",places/ChIJ-b2Re06XTEYRSjAkiCdb2xo,Vemco Group,+45 76 22 11 46,https://vemco.group/,"Røde Banke 77, 7000 Fredericia, Denmark",point_of_interest,"point_of_interest,establishment",5.0,5,2026-03-10 02:18:55.63686
84168376538,Bilby 3D,Manufacturing,Australian Private Company,Active,AMTIL,NSW,2208,2014-03-05 00:00:00,12,true,2014-03-05 00:00:00,true,168376538,BILBY 3D PTY. LTD.,"","","",https://amtil.com.au/directory/,places/ChIJ6-gVjlSwEmsRSkvcYi-MiWc,Bilby3D - Sydney,+61 1800 847 333,https://b3d.com.au/Sydney/,"Kingsgrove Business Centre, 7/192 Kingsgrove Rd, Kingsgrove NSW 2208, Australia",electronics_store,"electronics_store,point_of_interest,service,store,establishment",4.3,62,2026-03-10 02:08:05.364388
85168410482,Healthy Food Crew,Manufacturing,Australian Private Company,Active,NorthLink-FoodMfg,VIC,3076,2014-03-17 00:00:00,11,true,2014-12-01 00:00:00,true,168410482,HEALTHY FOOD CREW PTY LTD,"","",https://healthyfoodcrew.com/,https://northlink.org.au/melbournes-north-food-group/manufacturer-directory/,places/ChIJUYbic-Q91moRZNTpHIsK_k8,Healthy Food Crew,+61 1300 150 723,http://www.healthyfoodcrew.com/,"13 Trafalgar Rd, Epping VIC 3076, Australia",health_food_store,"health_food_store,food_store,food,point_of_interest,manufacturer,health,store,establishment",5.0,2,2026-03-10 02:05:52.701402
73168619494,APTA AUTOMATION PTY. LTD.,"",Australian Private Company,Active,ABR-Search,VIC,3195,2014-03-18 00:00:00,11,true,2014-03-18 00:00:00,true,168619494,APTA AUTOMATION PTY. LTD.,"","","","",places/ChIJFbKwoVAV1moR5EjmjGz5k_c,Apta Automation Pty Ltd,+61 432 095 375,http://aptaautomation.com.au/,"Factory 7/17 Sugar Gum Court, Braeside VIC 3195, Australia",consultant,"consultant,supplier,manufacturer,point_of_interest,service,establishment",5.0,2,2026-03-10 02:20:26.870701
35168393280,Factory Technologies Pty Ltd,Manufacturing,Australian Private Company,Active,AMTIL,NSW,2065,2014-03-19 00:00:00,11,true,2019-03-06 00:00:00,true,168393280,FACTORY TECHNOLOGIES PTY LTD,"","","",https://amtil.com.au/directory/,places/ChIJQ9dVHN6WEmsRItvdZTqz4fc,IT Factory Australia,+61 1300 589 579,http://itfactoryaustralia.com.au/,"3 Allen Pl, Wetherill Park NSW 2164, Australia",electronics_store,"point_of_interest,electronics_store,store,establishment",4.7,12,2026-03-10 02:09:20.735805
18056622907,Brand Platform,"",Australian Private Company,Active,ABR-Search,VIC,3101,2014-04-22 00:00:00,11,true,2014-07-01 00:00:00,true,056622907,MARZI DESIGN PTY. LTD.,"","","","",places/ChIJN4PNQT9D1moRSmIq28VcM_k,Established Digital,+61 1300 804 620,https://established.agency/,"247/16 Cotham Rd, Kew VIC 3101, Australia",service,"service,point_of_interest,establishment",5.0,16,2026-03-10 02:26:50.811891
83169299129,Spiralworks Pty Ltd,Manufacturing,Australian Private Company,Active,SEMMA,VIC,3201,2014-04-30 00:00:00,11,true,2014-05-16 00:00:00,true,169299129,SPIRALWORKS PTY LTD,"","","",https://semma.com.au/directory/page/3/,places/ChIJQyabTDsN1moRjTsKr0zULL0,Spiralworks,+61 1300 137 392,https://spiralstairs.com.au/,"54 Frankston Gardens Dr, Carrum Downs VIC 3201, Australia",manufacturer,"manufacturer,point_of_interest,establishment",4.2,5,2026-03-10 02:16:11.337187
56169581202,Michaelona Flavours & Fragrances,Manufacturing,Australian Private Company,Active,NorthLink-FoodMfg,VIC,3201,2014-05-16 00:00:00,11,true,2014-05-16 00:00:00,true,169581202,MICHAELONA FLAVOURS & FRAGRANCES PTY LTD,"","",https://michaelona.com.au/,https://northlink.org.au/melbournes-north-food-group/manufacturer-directory/,places/ChIJ6QmWYesM1moRJLnibCcvWHM,Michaelona Flavours & Fragrances,+61 3 9770 8331,https://michaelona.com.au/,"32 Aster Ave, Carrum Downs VIC 3201, Australia",manufacturer,"manufacturer,point_of_interest,establishment",0.0,0,2026-03-10 02:06:02.844198
33165666811,Balluff Pty Ltd,Manufacturing,Australian Private Company,Active,AMTIL,VIC,3153,2014-06-11 00:00:00,11,true,2014-06-11 00:00:00,true,165666811,BALLUFF PTY LTD,"","","",https://amtil.com.au/directory/,places/ChIJF5KHdHY71moRRk_NICFNO3s,Balluff Pty Ltd,+61 1300 225 833,https://www.balluff.com/en-au,"18 Malvern St, Bayswater VIC 3153, Australia",manufacturer,"manufacturer,point_of_interest,establishment",0.0,0,2026-03-10 02:08:02.300411
18600169346,Bellevue Orchard,Manufacturing,Australian Private Company,Active,SEMMA,VIC,3809,2014-06-17 00:00:00,11,true,2014-06-17 00:00:00,true,600169346,BELLEVUE ORCHARD PTY LTD,"","","",https://semma.com.au/directory/page/2/,places/ChIJwV7KFbAe1moRi0Hvt9Ljxkg,Bellevue Farm Gate,+61 3 5943 2530,https://www.bellevuefarmgate.com.au/,"544 Brown Rd, Officer VIC 3809, Australia",cafe,"cafe,food_store,event_venue,food,point_of_interest,store,establishment",4.6,108,2026-03-10 02:15:53.629586
35600371917,AKA SYSTEMS PTY LTD,"",Australian Private Company,Active,ABR-Search,NSW,2232,2014-06-26 00:00:00,11,true,2014-07-01 00:00:00,true,600371917,AKA SYSTEMS PTY LTD,"","","","",places/ChIJ09vFmYblk2sRl_EZ_KFw4h4,AKA Electrical & Industrial Automation Pty Ltd,+61 7 3142 0109,https://www.akaea.com.au/,"Unit 9/62 Radley St, Virginia QLD 4014, Australia",electrician,"electrician,consultant,manufacturer,point_of_interest,service,establishment",5.0,1,2026-03-10 02:24:42.614311
25600232040,"United Chemicals, Composites & Colours",Manufacturing,Australian Private Company,Active,SEMMA,VIC,3173,2014-07-01 00:00:00,11,true,2014-07-01 00:00:00,true,600232040,UNITED CHEMICALS COMPOSITES & COLOURS PTY. LTD.,"","","",https://semma.com.au/directory/page/3/,places/ChIJlUqkm4YT1moRnxllzam6gZM,United Composites & Resellers,+61 3 9798 2650,http://www.uccc.com.au/,"30 Futura Rd, Keysborough VIC 3173, Australia",supplier,"supplier,manufacturer,point_of_interest,establishment",5.0,11,2026-03-10 02:16:12.966804
87600066386,PLATFORM ARCHITECTS PTY LTD,"",Australian Private Company,Active,ABR-Search,NSW,2095,2014-07-01 00:00:00,11,true,2014-07-01 00:00:00,true,600066386,PLATFORM ARCHITECTS PTY LTD,"","","","",places/ChIJS15xNg-rEmsR4gBGtaDL7po,Platform Architects,+61 2 8385 9759,http://platformarchitects.com.au/,"2/40 E Esplanade, Manly NSW 2095, Australia",service,"point_of_interest,service,establishment",5.0,3,2026-03-10 02:25:30.1788
46600194134,A51 SOFTWARE PTY LTD,"",Australian Private Company,Active,ABR-Search,NSW,2060,2014-07-04 00:00:00,11,true,2016-07-01 00:00:00,true,600194134,A51 SOFTWARE PTY LTD,"","","","",places/ChIJrWZsrvKuEmsRYL3OYHhhBfk,A51 Software Asia Pacific,+61 402 259 359,http://a51software.com/,"Level 17/122 Arthur St, North Sydney NSW 2060, Australia",service,"service,point_of_interest,establishment",0.0,0,2026-03-10 02:18:03.808363
48600413205,The Design Technology Company,Manufacturing,Australian Private Company,Active,SEMMA,VIC,3051,2014-07-07 00:00:00,11,true,2014-07-07 00:00:00,true,600413205,THE DESIGN TECHNOLOGY COMPANY PTY LTD,"","","",https://semma.com.au/directory/,places/ChIJc2fwQdBn1moRkaM5mU0Q44U,The Design Technology Company,+61 3 9036 3662,http://www.designtechco.com.au/,"129 Peel St, North Melbourne VIC 3051, Australia",manufacturer,"manufacturer,point_of_interest,service,establishment",5.0,1,2026-03-10 02:14:15.61449
45600906125,BLUEPOINT LOGIC PTY LTD,"",Australian Private Company,Active,ABR-Search,NSW,2041,2014-07-25 00:00:00,11,true,2020-01-01 00:00:00,true,600906125,BLUEPOINT LOGIC PTY LTD,"","","","",places/ChIJkwl6TgW8EmsR_KewFNvYINs,IT Logic Pty Ltd,+61 1300 762 122,https://itlogic.com.au/,"level 2/154 Elizabeth St, Sydney NSW 2000, Australia",service,"point_of_interest,service,establishment",5.0,4,2026-03-10 02:29:24.632004
11109564918,DK Sense,Manufacturing,Australian Private Company,Active,SEMMA,VIC,3029,2014-08-01 00:00:00,11,true,2014-08-01 00:00:00,true,109564918,KONDA HOLDINGS PTY. LTD.,"","","",https://semma.com.au/directory/,places/ChIJ103h9YI_1moRJ9Th7yHHlhE,DK Sense,+61 3 9802 5516,http://www.dksense.com/,"Level 1/388 Huntingdale Rd, Oakleigh South VIC 3167, Australia",point_of_interest,"point_of_interest,establishment",0.0,0,2026-03-10 02:13:58.611569
93167018117,Koenig Machinery Pty Ltd,Manufacturing,Australian Private Company,Active,AMTIL,VIC,3061,2014-09-11 00:00:00,11,true,2017-07-06 00:00:00,true,167018117,KOENIG MACHINERY PTY LTD,"","","",https://amtil.com.au/directory/,places/ChIJibPuUHJE1moRrCxLNmJvQqk,Koenig Machinery Pty Ltd (Melb),+61 3 9037 0826,https://koenigmachinery.com.au/,"55 Metrolink Cct, Campbellfield VIC 3061, Australia",supplier,"supplier,manufacturer,point_of_interest,establishment",4.8,30,2026-03-10 02:10:33.620587
69602435129,THE PLATFORM NEWCASTLE PTY LTD,"",Australian Private Company,Active,ABR-Search,NSW,2293,2014-10-21 00:00:00,11,true,2014-10-21 00:00:00,true,602435129,THE PLATFORM NEWCASTLE PTY LTD,"","","","",places/ChIJqZkSq5ueEmsRtQq0meM8dA0,The Platform Newcastle Pty Ltd,"","","4 Westminster St, Schofields NSW 2762, Australia",point_of_interest,"point_of_interest,establishment",0.0,0,2026-03-10 02:26:35.195959
80602635254,PLATFORM LEGAL PTY LTD,"",Australian Private Company,Active,ABR-Search,VIC,3124,2014-10-31 00:00:00,11,true,2014-10-31 00:00:00,true,602635254,PLATFORM LEGAL PTY LTD,"","","","",places/ChIJPWx-Dr1d1moRoAslN5WKFLs,Platform IP,+61 3 9977 9677,https://www.platformip.com.au/,"Collins Square, Level 23, Tower 5/727 Collins St, Docklands VIC 3008, Australia",lawyer,"lawyer,consultant,service,point_of_interest,establishment",0.0,0,2026-03-10 02:25:49.365267
86602736158,AUTOMATION INDUSTRIES PTY LTD,"",Australian Private Company,Active,ABR-Search,NSW,2322,2014-11-07 00:00:00,11,true,2014-11-07 00:00:00,true,602736158,AUTOMATION INDUSTRIES PTY LTD,"","","","",places/ChIJhcGAz6QVc2sR2jtEfuDli7U,Automation Industries,+61 1300 411 331,https://www.automationindustries.com.au/,"4/5 Arunga Dr, Beresfield NSW 2322, Australia",manufacturer,"manufacturer,point_of_interest,service,establishment",5.0,1,2026-03-10 02:19:23.41742
32602947795,PIER Marketing Group Pty Ltd,Manufacturing,Australian Private Company,Active,SEMMA,VIC,3931,2014-11-20 00:00:00,11,true,2014-11-20 00:00:00,true,602947795,PIER MARKETING GROUP PTY LTD,"","","",https://semma.com.au/directory/page/3/,places/ChIJ4xt2UXTf1WoRdAu4zyP5hjY,PIER Marketing,+61 3 5975 3742,https://www.piermarketing.com.au/,"Factory 3/2A Carbine Way, Mornington VIC 3931, Australia",marketing_consultant,"marketing_consultant,consultant,service,point_of_interest,establishment",5.0,27,2026-03-10 02:16:14.69296
70603065756,KUMON WILLIAMSTOWN EDUCATION CENTRE,General,Australian Private Company,Active,HobsonsBay,VIC,3028,2014-11-28 00:00:00,11,true,2015-10-01 00:00:00,true,603065756,GANARAJ PTY LTD,"","","",https://www.hobsonsbaybusiness.com.au/Business-Directory-Menu?dlv_OC%20CL%20Invest%20Business%20Directory%20Listing=(pageindex=13),places/ChIJY5f0BsJm1moRE02H3KWDQmU,Kumon Williamstown,+61 401 246 108,https://www.kumonsearch.com.au/centre/kumon-williamstown,"Kumon Williamstown, 36 Electra St, Williamstown VIC 3016, Australia",primary_school,"primary_school,school,educational_institution,point_of_interest,establishment",4.4,19,2026-03-10 02:31:42.205523
36603263190,EARTH2 SOFTWARE PTY LTD.,"",Australian Private Company,Active,ABR-Search,NSW,2138,2014-12-08 00:00:00,11,true,2014-12-08 00:00:00,true,603263190,EARTH2 SOFTWARE PTY LTD.,"","","","","","","","","","","",0.0,0,2026-03-10 02:18:10.44387
45603304972,JPA FINANCIAL MODELLING,"",Australian Private Company,Active,ABR-Search,VIC,3000,2014-12-11 00:00:00,11,true,2014-12-11 00:00:00,true,603304972,JPAFM PTY LTD,"","","","",places/ChIJ985_XrZC1moRDiBulTuzW7Q,JPA Financial Modelling,+61 3 8528 2635,http://www.jpafm.com/,"level 5/50 Queen St, Melbourne VIC 3000, Australia",corporate_office,"corporate_office,point_of_interest,establishment",0.0,0,2026-03-10 02:23:46.182102
98601664582,EMBEDDED NETWORK SERVICE PROVIDER,"",Australian Private Company,Active,ABR-Search,VIC,3004,2014-12-17 00:00:00,11,true,2015-07-01 00:00:00,true,601664582,ENM SOLUTIONS PTY. LTD.,"","","","",places/ChIJD4hW1xVB1moRPjkwMRY5ajQ,ENM Solutions,+61 1300 000 366,https://www.enmsolutions.com.au/,"Suite 120/1 Queens Rd, Melbourne VIC 3004, Australia",service,"service,point_of_interest,establishment",5.0,10,2026-03-10 02:21:39.578885
79404288724,Quest Williamstown North,General,Other Partnership,Active,HobsonsBay,VIC,3016,2015-01-01 00:00:00,11,true,2015-01-01 00:00:00,true,"",CMA ROOXE PTY LTD ATF QWN ROOKE FAMILY TRUST & DJ NICOL PTY LTD ATF QWN NICOL FAMILY TRUST,"","","",https://www.hobsonsbaybusiness.com.au/Business-Directory-Menu?dlv_OC%20CL%20Invest%20Business%20Directory%20Listing=(pageindex=19),places/ChIJ0zbIrMpm1moR3jsJoWJpEyA,Quest Williamstown North,+61 3 9393 9700,https://www.questapartments.com.au/properties/vic/williamstown/quest-williamstown-north,"115-119 Kororoit Creek Rd, Williamstown VIC 3016, Australia",extended_stay_hotel,"extended_stay_hotel,hotel,lodging,point_of_interest,establishment",4.2,313,2026-03-10 02:32:43.931687
58603587300,SISTEMOS GROUP PTY LTD,"",Australian Private Company,Active,ABR-Search,SA,5073,2015-01-07 00:00:00,11,true,2015-01-07 00:00:00,true,603587300,SISTEMOS GROUP PTY LTD,"","","","",places/ChIJvSQlAJxu1moRV4TFzrjFx38,Systema Group,+61 3 9532 2253,http://systemagroup.com.au/,"Suite 27/477 Warrigal Rd, Moorabbin VIC 3189, Australia",accounting,"accounting,finance,service,point_of_interest,establishment",5.0,4,2026-03-10 02:25:00.967714
25604195904,Jayco Corporation Pty Ltd,Manufacturing,Australian Private Company,Active,SEMMA,VIC,2160,2015-02-12 00:00:00,11,true,2015-02-12 00:00:00,true,604195904,JAYCO GROUP PTY LTD,"","","",https://semma.com.au/directory/page/2/,places/ChIJHUi6JBQS1moRoaN6shd4w98,Jayco Corporation Australia,+61 3 8792 2000,http://www.jayco.com.au/,"1 Jayco Dr, Dandenong South VIC 3175, Australia",corporate_office,"corporate_office,truck_dealer,car_dealer,point_of_interest,store,establishment",4.2,368,2026-03-10 02:15:16.935016
84604253652,ABU Engineering Pty Ltd,Manufacturing,Australian Private Company,Active,AMTIL,VIC,3175,2015-02-16 00:00:00,11,true,2015-02-16 00:00:00,true,604253652,A.B.U. ENGINEERING PTY LTD,"","","",https://amtil.com.au/directory/,places/ChIJQbUVbSJt1moRfrhiWi8D1Io,A.B.U. Engineering,+61 3 9706 4502,https://www.abu.com.au/,"93 Assembly Dr, Dandenong South VIC 3175, Australia",manufacturer,"manufacturer,point_of_interest,service,establishment",3.7,3,2026-03-10 02:07:17.195192
65604234942,Software Co,"",Australian Private Company,Active,ABR-Search,NSW,2000,2015-02-16 00:00:00,11,true,2017-07-01 00:00:00,true,604234942,MIT VENTURES PTY. LTD.,"","","","",places/ChIJMTGqGsmvEmsRtFBihXrqesA,Software Co,+61 1300 585 888,https://www.softwareco.com/,"300 Barangaroo Ave, Barangaroo NSW 2000, Australia",point_of_interest,"point_of_interest,establishment",5.0,3,2026-03-10 02:16:42.750852
12604425443,EMBEDDED SOLUTIONS PTY LTD,"",Australian Private Company,Active,ABR-Search,NSW,2208,2015-02-25 00:00:00,11,true,2015-02-25 00:00:00,true,604425443,EMBEDDED SOLUTIONS PTY LTD,"","","","",places/ChIJMUGGwh-jEmsRPIILTonJ_oQ,Embedded Logic Solutions Pty Ltd,+61 2 9687 1880,http://www.emlogic.com.au/,"5/23 Hunt St, North Parramatta NSW 2151, Australia",point_of_interest,"point_of_interest,establishment",0.0,0,2026-03-10 02:21:10.858553
59604515111,ANDOR LOGIC PTY LTD,"",Australian Private Company,Active,ABR-Search,VIC,3029,2015-03-02 00:00:00,11,true,2015-03-02 00:00:00,true,604515111,ANDOR LOGIC PTY LTD,"","","","",places/ChIJT9gh0KIVc2sReKnIda968zs,Andor Information Technology,+61 2 4941 0922,http://andor.com.au/,"7 Samdon St, Hamilton NSW 2303, Australia",consultant,"consultant,point_of_interest,service,establishment",4.3,15,2026-03-10 02:28:59.102337
57604596625,Omega Manufacturing Group Pty Ltd,Manufacturing,Australian Private Company,Active,AMTIL,VIC,3690,2015-03-05 00:00:00,11,true,2015-03-05 00:00:00,true,604596625,OMEGA MANUFACTURING GROUP PTY LTD,"","","",https://amtil.com.au/directory/,places/ChIJ_YSdUGRZIWsRqLITEZIRBV8,Omega Technical Engineering,+61 2 6059 7700,https://omegatechnical.com.au/,"2/5 Moloney Dr, West Wodonga VIC 3690, Australia",manufacturer,"manufacturer,point_of_interest,establishment",5.0,1,2026-03-10 02:11:23.863455
96604820706,ASPECT LOGIC PTY LTD,"",Australian Private Company,Active,ABR-Search,NSW,2137,2015-03-18 00:00:00,10,true,2015-03-18 00:00:00,true,604820706,ASPECT LOGIC PTY LTD,"","","","",places/ChIJrc6Nj2quEmsRia3sVY3gLFE,Aspect Logic,"",http://www.aspectlogic.com/,"24/52 Martin Pl, Sydney NSW 2000, Australia",point_of_interest,"point_of_interest,establishment",0.0,0,2026-03-10 02:29:06.049621
65604869258,Innovync Pty Ltd,Manufacturing,Australian Private Company,Active,AMTIL,NSW,2148,2015-03-20 00:00:00,10,true,2015-03-20 00:00:00,true,604869258,INNOVYNC PTY LTD,"","","",https://amtil.com.au/directory/,places/ChIJiUG9jOGZEmsRy8lXxtxwYqY,Innovync - Machine Solutions,+61 1300 404 512,http://www.innovync.com.au/,"Unit 16/13 Holbeche Rd, Arndell Park NSW 2148, Australia",supplier,"supplier,point_of_interest,establishment",5.0,5,2026-03-10 02:10:14.146119
46605134772,Ontime Group,Service Provider,Australian Private Company,Active,NorthLink-FoodSvc,NSW,2142,2015-04-08 00:00:00,10,true,2016-07-01 00:00:00,true,605134772,ON TIME FREIGHT GROUP PTY LTD,"","",https://ontimedeliverysolutions.com.au/,https://northlink.org.au/melbournes-north-food-group/service-provider-directory/,places/ChIJq6r6xnzrEmsR3mjAl1ToaZg,On Time Group,+61 1300 866 937,http://otgroup.com.au/,"27 Stanley Rd, Ingleburn NSW 2565, Australia",general_contractor,"general_contractor,building_materials_store,point_of_interest,store,service,establishment",5.0,1,2026-03-12 21:17:36.791403
63605153473,Hi-Tech Metrology Pty Ltd,Manufacturing,Australian Private Company,Active,AMTIL,VIC,3803,2015-06-04 00:00:00,10,true,2015-06-04 00:00:00,true,605153473,HI-TECH METROLOGY PTY LTD,"","","",https://amtil.com.au/directory/,places/ChIJcWGxICsR1moRoEanQgNOCqs,Hi-Tech Metrology,+61 3 9702 3911,https://www.hitechmetrology.com.au/,"2 Carl Ct, Hallam VIC 3803, Australia",supplier,"supplier,manufacturer,point_of_interest,establishment",5.0,1,2026-03-10 02:09:58.420429
94606930385,62 Platform,"",Australian Private Company,Active,ABR-Search,NSW,2020,2015-07-12 00:00:00,10,true,2016-04-01 00:00:00,true,606930385,UNITY CL PTY. LTD.,"","","","",places/ChIJUyzVyaqxEmsReh-ReegxgiQ,PLATFORM 62,+61 417 178 720,https://linktr.ee/platform62,"7 Bourke St, Mascot NSW 2020, Australia",bar,"bar,cafe,point_of_interest,food,establishment",4.5,201,2026-03-10 02:26:41.956052
14607250359,Range Workforce Solutions,Service Provider,Australian Private Company,Active,NorthLink-FoodSvc,NSW,2170,2015-07-23 00:00:00,10,true,2015-07-23 00:00:00,true,607250359,SOLUTIONS WORKFORCE PTY. LTD.,"","",https://www.rangeworkforcesolutions.com.au/,https://northlink.org.au/melbournes-north-food-group/service-provider-directory/,places/ChIJZUoGHCQX1GoRRepUFjY9NoE,Range Workforce Solutions,+61 3 4224 7040,https://www.rangeworkforcesolutions.com.au/,"1/43 Pakington St, Geelong West VIC 3218, Australia",employment_agency,"employment_agency,point_of_interest,service,establishment",3.7,18,2026-03-12 21:17:45.1173
21607559017,SYSTEMISE PTY LTD,"",Australian Private Company,Active,ABR-Search,NSW,2103,2015-08-10 00:00:00,10,true,2021-10-01 00:00:00,true,607559017,SYSTEMISE PTY LTD,"","","","",places/ChIJSTXM-JdUDWsR77_LSMAVyFs,systEmise,+61 2 9979 5033,https://systemise.com.au/,"Suite 3/15 Bungan St, Mona Vale NSW 2103, Australia",service,"service,point_of_interest,establishment",5.0,9,2026-03-10 02:25:09.218833
84607695876,BLACK LOGIC PTY LTD,"",Australian Private Company,Active,ABR-Search,NSW,2250,2015-08-18 00:00:00,10,true,2015-08-18 00:00:00,true,607695876,BLACK LOGIC PTY LTD,"","","","",places/ChIJXz-tOF61cmsRR5QMB4MvW5M,Black Logic,+61 2 4324 2254,https://blacklogic.com.au/,"67 Webb St, East Gosford NSW 2250, Australia",service,"point_of_interest,service,establishment",5.0,1,2026-03-10 02:29:23.82064
38608650595,SOFTWARE SENSE PTY LTD,"",Australian Private Company,Active,ABR-Search,NSW,2095,2015-10-08 00:00:00,10,true,2015-10-08 00:00:00,true,608650595,SOFTWARE SENSE PTY LTD,"","","","",places/ChIJsdm2I2quEmsRM4u6ZBhWCZQ,Software Sense,+61 411 513 700,http://softwaresense.com.au/,"Australia Square, Level 33/264 George St, Sydney NSW 2000, Australia",point_of_interest,"point_of_interest,establishment",0.0,0,2026-03-10 02:17:28.135637
60608797379,EMBEDDED BUSINESS SOLUTION PTY. LTD.,"",Australian Private Company,Active,ABR-Search,VIC,3030,2015-10-16 00:00:00,10,true,2016-10-20 00:00:00,true,608797379,EMBEDDED BUSINESS SOLUTION PTY. LTD.,"","","","",places/ChIJ9QL4SnRG1moR8mj0hATxsO0,Embedded Technologies,+61 1300 780 015,http://www.ete.com.au/,"279 Dundas St, Preston VIC 3072, Australia",supplier,"supplier,manufacturer,point_of_interest,establishment",0.0,0,2026-03-10 02:21:18.746815
46609018797,EMBEDDED SYSTEMS SOLUTIONS PTY LTD,"",Australian Private Company,Active,ABR-Search,VIC,3038,2015-10-29 00:00:00,10,true,2015-10-29 00:00:00,true,609018797,EMBEDDED SYSTEMS SOLUTIONS PTY LTD,"","","","",places/ChIJ9QL4SnRG1moR8mj0hATxsO0,Embedded Technologies,+61 1300 780 015,http://www.ete.com.au/,"279 Dundas St, Preston VIC 3072, Australia",supplier,"supplier,point_of_interest,manufacturer,establishment",0.0,0,2026-03-10 02:21:28.850086
94609033070,SOFTWARE SYSTEMS PTY. LTD.,"",Australian Private Company,Active,ABR-Search,NSW,2261,2015-10-30 00:00:00,10,true,2019-05-03 00:00:00,true,609033070,SOFTWARE SYSTEMS PTY. LTD.,"","","","",places/ChIJv7BtVkeuEmsRKoUn4Beq264,SOFTWARE SYSTEMS PTY. LTD.,+61 2 9248 0145,http://softwaresystems.com.au/,"Level 14/309 Kent St, Sydney NSW 2000, Australia",point_of_interest,"point_of_interest,establishment",0.0,0,2026-03-10 02:17:33.053599
72609108312,AMCS Group,Manufacturing,Australian Private Company,Active,AMTIL,NSW,2072,2015-11-06 00:00:00,10,true,2015-12-01 00:00:00,true,609108312,AMCS AUSTRALIA PTY LTD,"","","",https://amtil.com.au/directory/,places/ChIJSY1AnC-vEmsRBsXqDLnysis,AMCS Group Sydney,+61 2 9499 6222,"","Unit 4a, Level 2/11-13 Orion Rd, Lane Cove West NSW 2066, Australia",service,"point_of_interest,service,establishment",0.0,0,2026-03-10 02:07:37.983468
90608810377,AUDIO VISUAL AUTOMATION,"",Australian Private Company,Active,ABR-Search,VIC,3136,2015-11-11 00:00:00,10,true,2024-07-01 00:00:00,true,608810377,SUPERIOR ELECTRONICS PTY LTD,"","","","",places/ChIJtQrTF8A91moR3m4jZthXNZo,Audio Visual Technologies,+61 3 9763 8155,https://www.av-technologies.com/,"Unit 1/5 Seismic Ct, Rowville VIC 3178, Australia",electronics_store,"electronics_store,home_goods_store,point_of_interest,service,store,establishment",5.0,6,2026-03-10 02:20:34.657996
46609245981,Platform Finance,"",Australian Private Company,Active,ABR-Search,NSW,2060,2015-11-11 00:00:00,10,true,2016-01-01 00:00:00,true,609245981,PLATFORM CONSOLIDATED GROUP PTY LTD,"","","","",places/ChIJqwfmJuCuEmsRZSMFvk7qosI,Platform Direct Finance,+61 1300 554 553,http://direct.platform.com.au/,"Level 1/72 Archer St, Chatswood NSW 2067, Australia",finance,"finance,point_of_interest,establishment",4.6,95,2026-03-10 02:26:22.382501
68609261832,In2Profit,General,Australian Private Company,Active,HobsonsBay,VIC,3015,2015-11-12 00:00:00,10,true,2015-11-12 00:00:00,true,609261832,IN2PROFIT PTY LTD,"","","",https://www.hobsonsbaybusiness.com.au/Business-Directory-Menu?dlv_OC%20CL%20Invest%20Business%20Directory%20Listing=(pageindex=12),places/ChIJfZ4j_e9d1moRnCfkqpSZn6k,In2Profit,+61 409 531 344,http://www.in2profit.com.au/,"480 Collins St, Melbourne VIC 3000, Australia",consultant,"consultant,service,point_of_interest,establishment",0.0,0,2026-03-10 02:31:29.862193
80609336843,MCHND,Manufacturing,Australian Private Company,Active,AMTIL,SA,5000,2015-11-17 00:00:00,10,true,2018-02-01 00:00:00,true,609336843,MCHND PTY LTD,"","","",https://amtil.com.au/directory/,places/ChIJD7-DLHjPsGoRC_X7vKk6JZU,MCHND,+61 437 292 833,http://mchnd.com/,"Unit 4/5-9 Kingston Ave, Richmond SA 5033, Australia",manufacturer,"manufacturer,point_of_interest,service,establishment",4.8,6,2026-03-10 02:10:58.14728
89609452271,ADCG – Australian Defence Consultancy Group,Manufacturing,Australian Private Company,Active,SEMMA,VIC,4170,2015-11-23 00:00:00,10,true,2018-01-01 00:00:00,true,609452271,ADC GROUP PTY LTD,"","","",https://semma.com.au/directory/,places/ChIJ0w8bM0NJFmsRGNvq6EymrqI,ADCG,+61 1300 112 324,http://adcg.com.au/,"Level 1/33 Allara St, Canberra ACT 2601, Australia",corporate_office,"corporate_office,point_of_interest,establishment",4.3,10,2026-03-10 02:13:39.172968
62608292299,Melbourne Batteries,General,Australian Private Company,Active,HobsonsBay,VIC,3028,2015-12-01 00:00:00,10,true,2015-12-01 00:00:00,true,608292299,HAPPI DAYS PTY LTD,"","","",https://www.hobsonsbaybusiness.com.au/Business-Directory-Menu?dlv_OC%20CL%20Invest%20Business%20Directory%20Listing=(pageindex=15),places/ChIJnxPqjk-I1moRFhIhh5_Vwl0,Melbourne Batteries,+61 3 9344 1314,https://www.melbbatteries.com.au/,"2 Neville Ave, Laverton VIC 3028, Australia",auto_parts_store,"auto_parts_store,car_repair,wholesaler,point_of_interest,service,store,establishment",4.9,440,2026-03-10 02:32:05.112233
49609729133,Shearasun Brewing Co,Manufacturing,Australian Private Company,Active,NorthLink-FoodMfg,VIC,3660,2015-12-08 00:00:00,10,true,2015-12-08 00:00:00,true,609729133,SHEARASUN BREWING COMPANY PTY LTD,"","",https://shearasunbrewing.com/,https://northlink.org.au/melbournes-north-food-group/manufacturer-directory/,places/ChIJf58n6VmF2GoRWFQ_zUrDSI8,Chas Cole Cellars Shepparton,+61 3 5481 1518,https://www.chascolecellars.com/,"Shop 2/111-125 Numurkah Rd, Shepparton VIC 3630, Australia",liquor_store,"liquor_store,food,store,point_of_interest,establishment",4.8,44,2026-03-10 02:06:14.489689
87609850857,Altec Australia Holdings Pty Ltd,Manufacturing,Australian Private Company,Active,SEMMA,VIC,3000,2015-12-16 00:00:00,10,true,2015-12-16 00:00:00,true,609850857,ALTEC AUSTRALIA HOLDINGS PTY LTD,"","","",https://semma.com.au/directory/page/2/,places/ChIJsTjb53YR1moRjfxh4TUvR9A,Altec Australia,+61 1300 125 832,http://www.altecaus.com.au/,"44-50 Gaine Rd, Dandenong South VIC 3175, Australia",manufacturer,"manufacturer,moving_company,truck_dealer,shipping_service,car_repair,transportation_service,point_of_interest,service,store,establishment",5.0,3,2026-03-10 02:14:58.297294
74610131318,LOGIC EXPERTISE PTY. LTD.,"",Australian Private Company,Active,ABR-Search,VIC,3018,2016-01-11 00:00:00,10,true,2016-01-11 00:00:00,true,610131318,LOGIC EXPERTISE PTY. LTD.,"","","","",places/ChIJXaj3dDhr1moRGYeyBvw4Zm0,Opal Logic Pty Ltd,+61 1300 456 725,https://www.opallogic.com.au/,"1341 Dandenong Rd, Chadstone VIC 3148, Australia",service,"service,point_of_interest,establishment",0.0,0,2026-03-10 02:27:46.779157
53610184775,AGILE AUTOMATION PTY LTD,"",Australian Private Company,Active,ABR-Search,NSW,2293,2016-01-19 00:00:00,10,true,2022-01-01 00:00:00,true,610184775,AGILE AUTOMATION PTY LTD,"","","","",places/ChIJkRp74kyxe0gRAAH-ukNkflU,Agile Automations Ltd,+44 161 804 1399,https://agileautomations.co.uk/,"Agile Automations, St.Mary's, Blackfriars House, Parsonage, Manchester M3 2JA, UK",point_of_interest,"point_of_interest,establishment",0.0,0,2026-03-10 02:20:07.888345
82608714772,Embodied Literacies,"",Australian Private Company,Active,ABR-Search,NSW,2060,2016-02-08 00:00:00,10,true,2018-01-01 00:00:00,true,608714772,4C TRANSFORMATIVE LEARNING PTY. LTD.,"","","","",places/ChIJ5SyHcQCvEmsRK_5OLULdT94,Embodied Connection,+61 489 207 225,http://www.embodiedconnection.com.au/,"289 Lyons Rd, Russell Lea NSW 2046, Australia",medical_clinic,"point_of_interest,medical_clinic,health,service,establishment",5.0,5,2026-03-10 02:22:39.767291
45610778491,Prytec Solutions Pty Ltd,Manufacturing,Australian Private Company,Active,AMTIL,VIC,3023,2016-02-16 00:00:00,10,true,2016-02-17 00:00:00,true,610778491,PRYTEC SOLUTIONS PTY LTD,"","","",https://amtil.com.au/directory/,places/ChIJYULFt1tZ1moRQR_8_WJs6_g,Prytec Solutions Pty Ltd,+61 3 8372 6444,https://www.prytec.com.au/,"1/281 Foleys Rd, Deer Park VIC 3023, Australia",supplier,"supplier,point_of_interest,manufacturer,establishment",5.0,15,2026-03-10 02:11:50.959053
15610813548,LOOP PLATFORM PTY LTD,"",Australian Private Company,Active,ABR-Search,VIC,3008,2016-02-17 00:00:00,10,true,2016-02-17 00:00:00,true,610813548,LOOP PLATFORM PTY LTD,"","","","",places/ChIJi3jB5iKuJwARfMAuUZrR718,Loop Software,+61 3 9879 0277,http://www.loopsoftware.com.au/,"Level 3/277 William St, Melbourne VIC 3000, Australia",point_of_interest,"point_of_interest,establishment",5.0,1,2026-03-10 02:27:14.727507
84610971867,Draintech Melbourne,General,Australian Private Company,Active,HobsonsBay,VIC,3015,2016-02-25 00:00:00,10,true,2016-04-01 00:00:00,true,610971867,MELBOURNE DRAINTECH PTY LTD,"","","",https://www.hobsonsbaybusiness.com.au/Business-Directory-Menu?dlv_OC%20CL%20Invest%20Business%20Directory%20Listing=(pageindex=8),places/ChIJ4aNm6r1n1moRly2iU0x25tk,Draintech Melbourne,+61 3 9399 2704,https://draintechmelbourne.com.au/?utm_source=google&utm_medium=local&utm_campaign=gmb_listing,"22 Mcneilage St, Spotswood VIC 3015, Australia",plumber,"plumber,point_of_interest,service,establishment",5.0,105,2026-03-10 02:30:53.036704
28611059404,SOFTWARE INITIATIVES PTY LTD,"",Australian Private Company,Active,ABR-Search,VIC,3193,2016-03-01 00:00:00,10,true,2016-03-01 00:00:00,true,611059404,SOFTWARE INITIATIVES PTY LTD,"","","","",places/ChIJK1mvXTdD1moRc639gs4Had8,Syvizo Pty Ltd,+61 450 449 130,https://syvizo.com.au/,"135 Cardigan St, Carlton VIC 3053, Australia",point_of_interest,"point_of_interest,establishment",5.0,2,2026-03-10 02:17:06.825022
32610914059,RACV Commercial Energy Solutions,Manufacturing,Australian Private Company,Active,SEMMA,VIC,3000,2016-03-04 00:00:00,10,true,2016-03-04 00:00:00,true,610914059,ENERGY SOLUTIONS PTY LTD,"","","",https://semma.com.au/directory/,places/ChIJPU3zirVd1moRB5OZJw0RrdQ,RACV Solar,+61 1300 447 765,https://www.racv.com.au/home/solar/support/melbourne.html,"473 Bourke St, Melbourne VIC 3000, Australia",building_materials_store,"building_materials_store,supplier,point_of_interest,service,store,establishment",4.1,87,2026-03-10 02:13:22.456491
